-- Auto-generated timetable data dump

-- Subjects
DELETE FROM subjects;
-- Data for table subjects
INSERT INTO subjects (id, name) VALUES (1, 'クラウドインフラ演習');
INSERT INTO subjects (id, name) VALUES (2, 'センサ回路演習');
INSERT INTO subjects (id, name) VALUES (3, '開発技術Ⅱ');
INSERT INTO subjects (id, name) VALUES (4, 'サーバーサイドⅡ');
INSERT INTO subjects (id, name) VALUES (5, 'キャリア実習Ⅱ');
INSERT INTO subjects (id, name) VALUES (6, '情報処理技術者Ⅲ');
INSERT INTO subjects (id, name) VALUES (7, 'ビジネス実務Ⅳ');
INSERT INTO subjects (id, name) VALUES (8, '専攻連携開発');
INSERT INTO subjects (id, name) VALUES (9, 'プレゼンテーション技法');
INSERT INTO subjects (id, name) VALUES (10, 'セキュリティ演習');
INSERT INTO subjects (id, name) VALUES (11, 'インフラセキュリティⅠ');
INSERT INTO subjects (id, name) VALUES (12, '統計・データ分析');
INSERT INTO subjects (id, name) VALUES (13, 'イベント');
INSERT INTO subjects (id, name) VALUES (14, 'ネットワーク演習Ⅱ');
INSERT INTO subjects (id, name) VALUES (15, '試験：セキュリティ演習');
INSERT INTO subjects (id, name) VALUES (16, 'サーバーサイドⅠ');
INSERT INTO subjects (id, name) VALUES (17, 'PBLⅠ');
INSERT INTO subjects (id, name) VALUES (18, '開発技術');
INSERT INTO subjects (id, name) VALUES (19, '試験：ネットワーク演習Ⅱ');

-- Teacher Users
DELETE FROM teacher_users;
-- Data for table teacher_users
INSERT INTO teacher_users (user_id, email, google_sub, full_name) VALUES (100000, 'teacher_100000@generated.local', NULL, '木戸善之');
INSERT INTO teacher_users (user_id, email, google_sub, full_name) VALUES (100001, 'teacher_100001@generated.local', NULL, '近藤進介');
INSERT INTO teacher_users (user_id, email, google_sub, full_name) VALUES (100002, 'teacher_100002@generated.local', NULL, '長瀬宗二');
INSERT INTO teacher_users (user_id, email, google_sub, full_name) VALUES (100003, 'teacher_100003@generated.local', NULL, '藤井克俊');
INSERT INTO teacher_users (user_id, email, google_sub, full_name) VALUES (100004, 'teacher_100004@generated.local', NULL, '未定');
INSERT INTO teacher_users (user_id, email, google_sub, full_name) VALUES (100005, 'teacher_100005@generated.local', NULL, '岡本和也');
INSERT INTO teacher_users (user_id, email, google_sub, full_name) VALUES (100006, 'teacher_100006@generated.local', NULL, 'BBsec');
INSERT INTO teacher_users (user_id, email, google_sub, full_name) VALUES (100007, 'teacher_100007@generated.local', NULL, 'Will');
INSERT INTO teacher_users (user_id, email, google_sub, full_name) VALUES (100008, 'teacher_100008@generated.local', NULL, '藤浦理恵');
INSERT INTO teacher_users (user_id, email, google_sub, full_name) VALUES (100009, 'teacher_100009@generated.local', NULL, '妹尾潤');
INSERT INTO teacher_users (user_id, email, google_sub, full_name) VALUES (100010, 'teacher_100010@generated.local', NULL, '小田佑実');

-- Timetables
DELETE FROM timetables;
-- Data for table timetables
INSERT INTO timetables (id, class_id, major_id, date, period, subject_id, teacher_id) VALUES (1, 2, 1, '2025-11-11', 2, 1, 100000);
INSERT INTO timetables (id, class_id, major_id, date, period, subject_id, teacher_id) VALUES (2, 2, 2, '2025-11-11', 2, 2, 100001);
INSERT INTO timetables (id, class_id, major_id, date, period, subject_id, teacher_id) VALUES (3, 2, NULL, '2025-12-17', 1, 3, 100002);
INSERT INTO timetables (id, class_id, major_id, date, period, subject_id, teacher_id) VALUES (4, 2, NULL, '2025-12-22', 2, 4, 100003);
INSERT INTO timetables (id, class_id, major_id, date, period, subject_id, teacher_id) VALUES (5, 2, NULL, '2025-09-10', 5, 4, 100003);
INSERT INTO timetables (id, class_id, major_id, date, period, subject_id, teacher_id) VALUES (6, 2, NULL, '2025-09-05', 6, 5, 100004);
INSERT INTO timetables (id, class_id, major_id, date, period, subject_id, teacher_id) VALUES (7, 2, NULL, '2025-09-01', 2, 5, 100004);
INSERT INTO timetables (id, class_id, major_id, date, period, subject_id, teacher_id) VALUES (8, 2, NULL, '2025-10-02', 3, 6, 100002);
INSERT INTO timetables (id, class_id, major_id, date, period, subject_id, teacher_id) VALUES (9, 2, NULL, '2025-10-29', 2, 7, 100004);
INSERT INTO timetables (id, class_id, major_id, date, period, subject_id, teacher_id) VALUES (10, 2, NULL, '2025-10-23', 3, 8, 100001);
INSERT INTO timetables (id, class_id, major_id, date, period, subject_id, teacher_id) VALUES (11, 2, NULL, '2026-01-19', 3, 9, 100005);
INSERT INTO timetables (id, class_id, major_id, date, period, subject_id, teacher_id) VALUES (12, 2, 1, '2025-06-05', 1, 10, 100006);
INSERT INTO timetables (id, class_id, major_id, date, period, subject_id, teacher_id) VALUES (13, 2, 2, '2025-06-05', 1, 10, 100003);
INSERT INTO timetables (id, class_id, major_id, date, period, subject_id, teacher_id) VALUES (14, 2, 1, '2026-01-21', 5, 11, 100002);
INSERT INTO timetables (id, class_id, major_id, date, period, subject_id, teacher_id) VALUES (15, 2, 2, '2026-01-21', 5, 12, 100000);
INSERT INTO timetables (id, class_id, major_id, date, period, subject_id, teacher_id) VALUES (16, 2, NULL, '2025-12-08', 5, 8, 100001);
INSERT INTO timetables (id, class_id, major_id, date, period, subject_id, teacher_id) VALUES (17, 2, 1, '2025-07-17', 1, 10, 100006);
INSERT INTO timetables (id, class_id, major_id, date, period, subject_id, teacher_id) VALUES (18, 2, 2, '2025-07-17', 1, 10, 100003);
INSERT INTO timetables (id, class_id, major_id, date, period, subject_id, teacher_id) VALUES (19, 2, 1, '2025-05-15', 2, 10, 100006);
INSERT INTO timetables (id, class_id, major_id, date, period, subject_id, teacher_id) VALUES (20, 2, 2, '2025-05-15', 2, 10, 100001);
INSERT INTO timetables (id, class_id, major_id, date, period, subject_id, teacher_id) VALUES (21, 2, 1, '2025-11-04', 3, 1, 100000);
INSERT INTO timetables (id, class_id, major_id, date, period, subject_id, teacher_id) VALUES (22, 2, 2, '2025-11-04', 3, 2, 100001);
INSERT INTO timetables (id, class_id, major_id, date, period, subject_id, teacher_id) VALUES (23, 2, NULL, '2025-10-16', 2, 8, 100001);
INSERT INTO timetables (id, class_id, major_id, date, period, subject_id, teacher_id) VALUES (24, 2, NULL, '2025-10-15', 1, 3, 100002);
INSERT INTO timetables (id, class_id, major_id, date, period, subject_id, teacher_id) VALUES (25, 2, NULL, '2025-09-30', 4, 6, 100001);
INSERT INTO timetables (id, class_id, major_id, date, period, subject_id, teacher_id) VALUES (26, 2, NULL, '2025-09-24', 5, 6, 100002);
INSERT INTO timetables (id, class_id, major_id, date, period, subject_id, teacher_id) VALUES (27, 2, NULL, '2025-08-29', 5, 5, 100004);
INSERT INTO timetables (id, class_id, major_id, date, period, subject_id, teacher_id) VALUES (28, 2, NULL, '2026-01-14', 2, 3, 100002);
INSERT INTO timetables (id, class_id, major_id, date, period, subject_id, teacher_id) VALUES (29, 2, NULL, '2025-12-17', 5, 4, 100003);
INSERT INTO timetables (id, class_id, major_id, date, period, subject_id, teacher_id) VALUES (30, 2, NULL, '2025-11-13', 1, 8, 100001);
INSERT INTO timetables (id, class_id, major_id, date, period, subject_id, teacher_id) VALUES (31, 2, NULL, '2025-12-22', 6, 4, 100003);
INSERT INTO timetables (id, class_id, major_id, date, period, subject_id, teacher_id) VALUES (32, 2, NULL, '2025-09-01', 6, 5, 100004);
INSERT INTO timetables (id, class_id, major_id, date, period, subject_id, teacher_id) VALUES (33, 2, 1, '2025-11-25', 5, 11, 100002);
INSERT INTO timetables (id, class_id, major_id, date, period, subject_id, teacher_id) VALUES (34, 2, 2, '2025-11-25', 5, 12, 100000);
INSERT INTO timetables (id, class_id, major_id, date, period, subject_id, teacher_id) VALUES (35, 2, NULL, '2025-09-09', 5, 8, 100001);
INSERT INTO timetables (id, class_id, major_id, date, period, subject_id, teacher_id) VALUES (36, 2, NULL, '2025-09-17', 1, 6, 100001);
INSERT INTO timetables (id, class_id, major_id, date, period, subject_id, teacher_id) VALUES (37, 2, NULL, '2025-10-31', 5, 7, 100004);
INSERT INTO timetables (id, class_id, major_id, date, period, subject_id, teacher_id) VALUES (38, 2, 1, '2025-06-26', 1, 10, 100006);
INSERT INTO timetables (id, class_id, major_id, date, period, subject_id, teacher_id) VALUES (39, 2, 2, '2025-06-26', 1, 10, 100003);
INSERT INTO timetables (id, class_id, major_id, date, period, subject_id, teacher_id) VALUES (40, 2, NULL, '2025-11-17', 6, 4, 100003);
INSERT INTO timetables (id, class_id, major_id, date, period, subject_id, teacher_id) VALUES (41, 2, NULL, '2025-12-19', 3, 9, 100005);
INSERT INTO timetables (id, class_id, major_id, date, period, subject_id, teacher_id) VALUES (42, 2, NULL, '2025-04-24', 3, 13, 100004);
INSERT INTO timetables (id, class_id, major_id, date, period, subject_id, teacher_id) VALUES (43, 2, 1, '2025-10-15', 5, 11, 100005);
INSERT INTO timetables (id, class_id, major_id, date, period, subject_id, teacher_id) VALUES (44, 2, 2, '2025-10-15', 5, 12, 100000);
INSERT INTO timetables (id, class_id, major_id, date, period, subject_id, teacher_id) VALUES (45, 2, 1, '2025-06-12', 3, 10, 100001);
INSERT INTO timetables (id, class_id, major_id, date, period, subject_id, teacher_id) VALUES (46, 2, 2, '2025-06-12', 3, 10, 100003);
INSERT INTO timetables (id, class_id, major_id, date, period, subject_id, teacher_id) VALUES (47, 2, 1, '2025-07-03', 2, 10, 100006);
INSERT INTO timetables (id, class_id, major_id, date, period, subject_id, teacher_id) VALUES (48, 2, 2, '2025-07-03', 2, 10, 100003);
INSERT INTO timetables (id, class_id, major_id, date, period, subject_id, teacher_id) VALUES (49, 2, NULL, '2025-12-04', 2, 8, 100001);
INSERT INTO timetables (id, class_id, major_id, date, period, subject_id, teacher_id) VALUES (50, 2, 1, '2025-05-01', 1, 10, 100006);
INSERT INTO timetables (id, class_id, major_id, date, period, subject_id, teacher_id) VALUES (51, 2, 2, '2025-05-01', 1, 10, 100003);
INSERT INTO timetables (id, class_id, major_id, date, period, subject_id, teacher_id) VALUES (52, 2, 1, '2025-10-03', 2, 6, 100002);
INSERT INTO timetables (id, class_id, major_id, date, period, subject_id, teacher_id) VALUES (53, 2, 2, '2025-10-03', 2, 6, 100001);
INSERT INTO timetables (id, class_id, major_id, date, period, subject_id, teacher_id) VALUES (54, 2, NULL, '2025-12-22', 1, 4, 100003);
INSERT INTO timetables (id, class_id, major_id, date, period, subject_id, teacher_id) VALUES (55, 2, NULL, '2025-09-10', 4, 4, 100003);
INSERT INTO timetables (id, class_id, major_id, date, period, subject_id, teacher_id) VALUES (56, 2, 1, '2025-09-18', 1, 6, 100002);
INSERT INTO timetables (id, class_id, major_id, date, period, subject_id, teacher_id) VALUES (57, 2, 2, '2025-09-18', 1, 6, 100001);
INSERT INTO timetables (id, class_id, major_id, date, period, subject_id, teacher_id) VALUES (58, 2, NULL, '2025-09-01', 1, 5, 100004);
INSERT INTO timetables (id, class_id, major_id, date, period, subject_id, teacher_id) VALUES (59, 2, 1, '2025-10-07', 3, 6, 100002);
INSERT INTO timetables (id, class_id, major_id, date, period, subject_id, teacher_id) VALUES (60, 2, 2, '2025-10-07', 3, 6, 100001);
INSERT INTO timetables (id, class_id, major_id, date, period, subject_id, teacher_id) VALUES (61, 2, NULL, '2025-05-27', 3, 10, 100004);
INSERT INTO timetables (id, class_id, major_id, date, period, subject_id, teacher_id) VALUES (62, 2, NULL, '2025-10-23', 2, 8, 100001);
INSERT INTO timetables (id, class_id, major_id, date, period, subject_id, teacher_id) VALUES (63, 2, NULL, '2025-11-26', 1, 3, 100002);
INSERT INTO timetables (id, class_id, major_id, date, period, subject_id, teacher_id) VALUES (64, 2, NULL, '2026-01-19', 2, 9, 100005);
INSERT INTO timetables (id, class_id, major_id, date, period, subject_id, teacher_id) VALUES (65, 2, NULL, '2025-09-17', 5, 6, 100001);
INSERT INTO timetables (id, class_id, major_id, date, period, subject_id, teacher_id) VALUES (66, 2, 1, '2025-10-10', 3, 6, 100002);
INSERT INTO timetables (id, class_id, major_id, date, period, subject_id, teacher_id) VALUES (67, 2, 2, '2025-10-10', 3, 6, 100001);
INSERT INTO timetables (id, class_id, major_id, date, period, subject_id, teacher_id) VALUES (68, 2, 1, '2025-11-17', 1, 1, 100000);
INSERT INTO timetables (id, class_id, major_id, date, period, subject_id, teacher_id) VALUES (69, 2, 2, '2025-11-17', 1, 2, 100001);
INSERT INTO timetables (id, class_id, major_id, date, period, subject_id, teacher_id) VALUES (70, 2, 1, '2025-10-14', 3, 1, 100000);
INSERT INTO timetables (id, class_id, major_id, date, period, subject_id, teacher_id) VALUES (71, 2, 2, '2025-10-14', 3, 2, 100001);
INSERT INTO timetables (id, class_id, major_id, date, period, subject_id, teacher_id) VALUES (72, 2, NULL, '2025-09-08', 5, 8, 100001);
INSERT INTO timetables (id, class_id, major_id, date, period, subject_id, teacher_id) VALUES (73, 2, NULL, '2025-12-08', 4, 8, 100001);
INSERT INTO timetables (id, class_id, major_id, date, period, subject_id, teacher_id) VALUES (74, 2, 1, '2025-11-04', 2, 1, 100000);
INSERT INTO timetables (id, class_id, major_id, date, period, subject_id, teacher_id) VALUES (75, 2, 2, '2025-11-04', 2, 2, 100001);
INSERT INTO timetables (id, class_id, major_id, date, period, subject_id, teacher_id) VALUES (76, 2, NULL, '2025-10-16', 1, 8, 100001);
INSERT INTO timetables (id, class_id, major_id, date, period, subject_id, teacher_id) VALUES (77, 2, 1, '2025-12-16', 3, 1, 100000);
INSERT INTO timetables (id, class_id, major_id, date, period, subject_id, teacher_id) VALUES (78, 2, 2, '2025-12-16', 3, 2, 100001);
INSERT INTO timetables (id, class_id, major_id, date, period, subject_id, teacher_id) VALUES (79, 2, NULL, '2025-09-02', 2, 5, 100004);
INSERT INTO timetables (id, class_id, major_id, date, period, subject_id, teacher_id) VALUES (80, 2, NULL, '2025-08-27', 3, 5, 100004);
INSERT INTO timetables (id, class_id, major_id, date, period, subject_id, teacher_id) VALUES (81, 2, NULL, '2025-09-30', 3, 6, 100001);
INSERT INTO timetables (id, class_id, major_id, date, period, subject_id, teacher_id) VALUES (82, 2, NULL, '2025-10-20', 5, 4, 100004);
INSERT INTO timetables (id, class_id, major_id, date, period, subject_id, teacher_id) VALUES (83, 2, 1, '2025-05-13', 4, 14, 100005);
INSERT INTO timetables (id, class_id, major_id, date, period, subject_id, teacher_id) VALUES (84, 2, 2, '2025-05-13', 4, 14, 100007);
INSERT INTO timetables (id, class_id, major_id, date, period, subject_id, teacher_id) VALUES (85, 2, 1, '2025-10-03', 6, 6, 100002);
INSERT INTO timetables (id, class_id, major_id, date, period, subject_id, teacher_id) VALUES (86, 2, 2, '2025-10-03', 6, 6, 100001);
INSERT INTO timetables (id, class_id, major_id, date, period, subject_id, teacher_id) VALUES (87, 2, NULL, '2025-08-04', 1, 15, 100004);
INSERT INTO timetables (id, class_id, major_id, date, period, subject_id, teacher_id) VALUES (88, 2, NULL, '2025-12-22', 5, 4, 100003);
INSERT INTO timetables (id, class_id, major_id, date, period, subject_id, teacher_id) VALUES (89, 2, 1, '2026-01-20', 4, 11, 100002);
INSERT INTO timetables (id, class_id, major_id, date, period, subject_id, teacher_id) VALUES (90, 2, 2, '2026-01-20', 4, 12, 100000);
INSERT INTO timetables (id, class_id, major_id, date, period, subject_id, teacher_id) VALUES (91, 2, NULL, '2025-10-08', 4, 6, 100001);
INSERT INTO timetables (id, class_id, major_id, date, period, subject_id, teacher_id) VALUES (92, 2, 1, '2025-05-08', 4, 16, 100004);
INSERT INTO timetables (id, class_id, major_id, date, period, subject_id, teacher_id) VALUES (93, 2, 2, '2025-05-08', 4, 16, 100008);
INSERT INTO timetables (id, class_id, major_id, date, period, subject_id, teacher_id) VALUES (94, 2, 1, '2025-11-25', 4, 11, 100002);
INSERT INTO timetables (id, class_id, major_id, date, period, subject_id, teacher_id) VALUES (95, 2, 2, '2025-11-25', 4, 12, 100000);
INSERT INTO timetables (id, class_id, major_id, date, period, subject_id, teacher_id) VALUES (96, 2, NULL, '2025-09-09', 4, 8, 100001);
INSERT INTO timetables (id, class_id, major_id, date, period, subject_id, teacher_id) VALUES (97, 2, NULL, '2025-09-22', 4, 6, 100001);
INSERT INTO timetables (id, class_id, major_id, date, period, subject_id, teacher_id) VALUES (98, 2, 1, '2025-11-26', 5, 11, 100002);
INSERT INTO timetables (id, class_id, major_id, date, period, subject_id, teacher_id) VALUES (99, 2, 2, '2025-11-26', 5, 12, 100000);
INSERT INTO timetables (id, class_id, major_id, date, period, subject_id, teacher_id) VALUES (100, 2, NULL, '2025-10-31', 4, 7, 100004);
INSERT INTO timetables (id, class_id, major_id, date, period, subject_id, teacher_id) VALUES (101, 2, NULL, '2026-01-19', 6, 9, 100005);
INSERT INTO timetables (id, class_id, major_id, date, period, subject_id, teacher_id) VALUES (102, 2, NULL, '2025-11-17', 5, 4, 100003);
INSERT INTO timetables (id, class_id, major_id, date, period, subject_id, teacher_id) VALUES (103, 2, 1, '2025-12-09', 6, 11, 100002);
INSERT INTO timetables (id, class_id, major_id, date, period, subject_id, teacher_id) VALUES (104, 2, 2, '2025-12-09', 6, 12, 100000);
INSERT INTO timetables (id, class_id, major_id, date, period, subject_id, teacher_id) VALUES (105, 2, NULL, '2025-11-14', 2, 8, 100001);
INSERT INTO timetables (id, class_id, major_id, date, period, subject_id, teacher_id) VALUES (106, 2, NULL, '2025-08-25', 4, 5, 100004);
INSERT INTO timetables (id, class_id, major_id, date, period, subject_id, teacher_id) VALUES (107, 2, NULL, '2025-04-24', 2, 13, 100004);
INSERT INTO timetables (id, class_id, major_id, date, period, subject_id, teacher_id) VALUES (108, 2, NULL, '2025-09-02', 6, 5, 100004);
INSERT INTO timetables (id, class_id, major_id, date, period, subject_id, teacher_id) VALUES (109, 2, NULL, '2025-11-10', 6, 4, 100003);
INSERT INTO timetables (id, class_id, major_id, date, period, subject_id, teacher_id) VALUES (110, 2, NULL, '2025-10-03', 1, 7, 100001);
INSERT INTO timetables (id, class_id, major_id, date, period, subject_id, teacher_id) VALUES (111, 2, 1, '2025-06-10', 3, 10, 100001);
INSERT INTO timetables (id, class_id, major_id, date, period, subject_id, teacher_id) VALUES (112, 2, 2, '2025-06-10', 3, 10, 100007);
INSERT INTO timetables (id, class_id, major_id, date, period, subject_id, teacher_id) VALUES (113, 2, 1, '2025-10-07', 2, 6, 100002);
INSERT INTO timetables (id, class_id, major_id, date, period, subject_id, teacher_id) VALUES (114, 2, 2, '2025-10-07', 2, 6, 100001);
INSERT INTO timetables (id, class_id, major_id, date, period, subject_id, teacher_id) VALUES (115, 2, NULL, '2025-05-27', 2, 10, 100004);
INSERT INTO timetables (id, class_id, major_id, date, period, subject_id, teacher_id) VALUES (116, 2, 1, '2025-07-01', 6, 17, 100004);
INSERT INTO timetables (id, class_id, major_id, date, period, subject_id, teacher_id) VALUES (117, 2, 2, '2025-07-01', 6, 17, 100001);
INSERT INTO timetables (id, class_id, major_id, date, period, subject_id, teacher_id) VALUES (118, 2, NULL, '2026-01-19', 1, 7, 100001);
INSERT INTO timetables (id, class_id, major_id, date, period, subject_id, teacher_id) VALUES (119, 2, NULL, '2025-11-27', 3, 8, 100001);
INSERT INTO timetables (id, class_id, major_id, date, period, subject_id, teacher_id) VALUES (120, 2, 1, '2025-10-10', 2, 6, 100002);
INSERT INTO timetables (id, class_id, major_id, date, period, subject_id, teacher_id) VALUES (121, 2, 2, '2025-10-10', 2, 6, 100001);
INSERT INTO timetables (id, class_id, major_id, date, period, subject_id, teacher_id) VALUES (122, 2, 1, '2025-10-14', 2, 1, 100000);
INSERT INTO timetables (id, class_id, major_id, date, period, subject_id, teacher_id) VALUES (123, 2, 2, '2025-10-14', 2, 2, 100001);
INSERT INTO timetables (id, class_id, major_id, date, period, subject_id, teacher_id) VALUES (124, 2, NULL, '2025-09-17', 4, 6, 100001);
INSERT INTO timetables (id, class_id, major_id, date, period, subject_id, teacher_id) VALUES (125, 2, 1, '2025-07-29', 2, 14, 100005);
INSERT INTO timetables (id, class_id, major_id, date, period, subject_id, teacher_id) VALUES (126, 2, 2, '2025-07-29', 2, 14, 100007);
INSERT INTO timetables (id, class_id, major_id, date, period, subject_id, teacher_id) VALUES (127, 2, 1, '2025-12-09', 1, 1, 100000);
INSERT INTO timetables (id, class_id, major_id, date, period, subject_id, teacher_id) VALUES (128, 2, 2, '2025-12-09', 1, 2, 100001);
INSERT INTO timetables (id, class_id, major_id, date, period, subject_id, teacher_id) VALUES (129, 2, NULL, '2025-09-08', 4, 8, 100001);
INSERT INTO timetables (id, class_id, major_id, date, period, subject_id, teacher_id) VALUES (130, 2, 1, '2025-12-02', 5, 11, 100002);
INSERT INTO timetables (id, class_id, major_id, date, period, subject_id, teacher_id) VALUES (131, 2, 2, '2025-12-02', 5, 12, 100000);
INSERT INTO timetables (id, class_id, major_id, date, period, subject_id, teacher_id) VALUES (132, 2, NULL, '2025-12-10', 1, 4, 100003);
INSERT INTO timetables (id, class_id, major_id, date, period, subject_id, teacher_id) VALUES (133, 2, NULL, '2025-11-14', 6, 8, 100001);
INSERT INTO timetables (id, class_id, major_id, date, period, subject_id, teacher_id) VALUES (134, 2, NULL, '2025-09-16', 4, 6, 100001);
INSERT INTO timetables (id, class_id, major_id, date, period, subject_id, teacher_id) VALUES (135, 2, 1, '2025-12-16', 2, 1, 100000);
INSERT INTO timetables (id, class_id, major_id, date, period, subject_id, teacher_id) VALUES (136, 2, 2, '2025-12-16', 2, 2, 100001);
INSERT INTO timetables (id, class_id, major_id, date, period, subject_id, teacher_id) VALUES (137, 2, NULL, '2025-08-27', 2, 5, 100004);
INSERT INTO timetables (id, class_id, major_id, date, period, subject_id, teacher_id) VALUES (138, 2, NULL, '2025-09-02', 1, 5, 100004);
INSERT INTO timetables (id, class_id, major_id, date, period, subject_id, teacher_id) VALUES (139, 2, 1, '2025-07-10', 3, 10, 100001);
INSERT INTO timetables (id, class_id, major_id, date, period, subject_id, teacher_id) VALUES (140, 2, 2, '2025-07-10', 3, 10, 100003);
INSERT INTO timetables (id, class_id, major_id, date, period, subject_id, teacher_id) VALUES (141, 2, NULL, '2025-10-20', 4, 4, 100004);
INSERT INTO timetables (id, class_id, major_id, date, period, subject_id, teacher_id) VALUES (142, 2, NULL, '2025-12-01', 5, 3, 100002);
INSERT INTO timetables (id, class_id, major_id, date, period, subject_id, teacher_id) VALUES (143, 2, 1, '2025-05-20', 3, 10, 100001);
INSERT INTO timetables (id, class_id, major_id, date, period, subject_id, teacher_id) VALUES (144, 2, 2, '2025-05-20', 3, 10, 100003);
INSERT INTO timetables (id, class_id, major_id, date, period, subject_id, teacher_id) VALUES (145, 2, 1, '2025-05-13', 3, 18, 100004);
INSERT INTO timetables (id, class_id, major_id, date, period, subject_id, teacher_id) VALUES (146, 2, 2, '2025-05-13', 3, 18, 100003);
INSERT INTO timetables (id, class_id, major_id, date, period, subject_id, teacher_id) VALUES (147, 2, 1, '2025-11-10', 1, 1, 100000);
INSERT INTO timetables (id, class_id, major_id, date, period, subject_id, teacher_id) VALUES (148, 2, 2, '2025-11-10', 1, 2, 100001);
INSERT INTO timetables (id, class_id, major_id, date, period, subject_id, teacher_id) VALUES (149, 2, NULL, '2025-11-12', 2, 3, 100002);
INSERT INTO timetables (id, class_id, major_id, date, period, subject_id, teacher_id) VALUES (150, 2, NULL, '2025-09-29', 1, 6, 100001);
INSERT INTO timetables (id, class_id, major_id, date, period, subject_id, teacher_id) VALUES (151, 2, NULL, '2025-10-24', 2, 9, 100005);
INSERT INTO timetables (id, class_id, major_id, date, period, subject_id, teacher_id) VALUES (152, 2, NULL, '2025-12-12', 4, 8, 100001);
INSERT INTO timetables (id, class_id, major_id, date, period, subject_id, teacher_id) VALUES (153, 2, 1, '2026-01-07', 5, 11, 100002);
INSERT INTO timetables (id, class_id, major_id, date, period, subject_id, teacher_id) VALUES (154, 2, 2, '2026-01-07', 5, 12, 100000);
INSERT INTO timetables (id, class_id, major_id, date, period, subject_id, teacher_id) VALUES (155, 2, 1, '2026-01-20', 3, 1, 100000);
INSERT INTO timetables (id, class_id, major_id, date, period, subject_id, teacher_id) VALUES (156, 2, 2, '2026-01-20', 3, 2, 100001);
INSERT INTO timetables (id, class_id, major_id, date, period, subject_id, teacher_id) VALUES (157, 2, NULL, '2025-10-08', 3, 6, 100001);
INSERT INTO timetables (id, class_id, major_id, date, period, subject_id, teacher_id) VALUES (158, 2, NULL, '2025-10-30', 3, 7, 100004);
INSERT INTO timetables (id, class_id, major_id, date, period, subject_id, teacher_id) VALUES (159, 2, 1, '2025-05-08', 3, 10, 100001);
INSERT INTO timetables (id, class_id, major_id, date, period, subject_id, teacher_id) VALUES (160, 2, 2, '2025-05-08', 3, 10, 100003);
INSERT INTO timetables (id, class_id, major_id, date, period, subject_id, teacher_id) VALUES (161, 2, NULL, '2025-09-04', 6, 5, 100004);
INSERT INTO timetables (id, class_id, major_id, date, period, subject_id, teacher_id) VALUES (162, 2, 1, '2025-07-01', 1, 14, 100005);
INSERT INTO timetables (id, class_id, major_id, date, period, subject_id, teacher_id) VALUES (163, 2, 2, '2025-07-01', 1, 14, 100007);
INSERT INTO timetables (id, class_id, major_id, date, period, subject_id, teacher_id) VALUES (164, 2, 1, '2025-10-07', 6, 6, 100002);
INSERT INTO timetables (id, class_id, major_id, date, period, subject_id, teacher_id) VALUES (165, 2, 2, '2025-10-07', 6, 6, 100001);
INSERT INTO timetables (id, class_id, major_id, date, period, subject_id, teacher_id) VALUES (166, 2, 1, '2025-11-25', 3, 1, 100000);
INSERT INTO timetables (id, class_id, major_id, date, period, subject_id, teacher_id) VALUES (167, 2, 2, '2025-11-25', 3, 2, 100001);
INSERT INTO timetables (id, class_id, major_id, date, period, subject_id, teacher_id) VALUES (168, 2, NULL, '2025-09-09', 3, 8, 100001);
INSERT INTO timetables (id, class_id, major_id, date, period, subject_id, teacher_id) VALUES (169, 2, NULL, '2025-09-03', 6, 5, 100004);
INSERT INTO timetables (id, class_id, major_id, date, period, subject_id, teacher_id) VALUES (170, 2, NULL, '2025-09-12', 4, 9, 100005);
INSERT INTO timetables (id, class_id, major_id, date, period, subject_id, teacher_id) VALUES (171, 2, NULL, '2025-09-22', 3, 6, 100001);
INSERT INTO timetables (id, class_id, major_id, date, period, subject_id, teacher_id) VALUES (172, 2, 1, '2025-11-26', 4, 11, 100002);
INSERT INTO timetables (id, class_id, major_id, date, period, subject_id, teacher_id) VALUES (173, 2, 2, '2025-11-26', 4, 12, 100000);
INSERT INTO timetables (id, class_id, major_id, date, period, subject_id, teacher_id) VALUES (174, 2, NULL, '2025-10-31', 3, 7, 100004);
INSERT INTO timetables (id, class_id, major_id, date, period, subject_id, teacher_id) VALUES (175, 2, 1, '2025-10-10', 6, 6, 100002);
INSERT INTO timetables (id, class_id, major_id, date, period, subject_id, teacher_id) VALUES (176, 2, 2, '2025-10-10', 6, 6, 100001);
INSERT INTO timetables (id, class_id, major_id, date, period, subject_id, teacher_id) VALUES (177, 2, 1, '2025-12-10', 5, 11, 100002);
INSERT INTO timetables (id, class_id, major_id, date, period, subject_id, teacher_id) VALUES (178, 2, 2, '2025-12-10', 5, 12, 100000);
INSERT INTO timetables (id, class_id, major_id, date, period, subject_id, teacher_id) VALUES (179, 2, 1, '2025-10-14', 6, 11, 100002);
INSERT INTO timetables (id, class_id, major_id, date, period, subject_id, teacher_id) VALUES (180, 2, 2, '2025-10-14', 6, 12, 100000);
INSERT INTO timetables (id, class_id, major_id, date, period, subject_id, teacher_id) VALUES (181, 2, 1, '2025-12-09', 5, 11, 100002);
INSERT INTO timetables (id, class_id, major_id, date, period, subject_id, teacher_id) VALUES (182, 2, 2, '2025-12-09', 5, 12, 100000);
INSERT INTO timetables (id, class_id, major_id, date, period, subject_id, teacher_id) VALUES (183, 2, NULL, '2025-11-14', 1, 7, 100001);
INSERT INTO timetables (id, class_id, major_id, date, period, subject_id, teacher_id) VALUES (184, 2, NULL, '2025-08-25', 3, 5, 100004);
INSERT INTO timetables (id, class_id, major_id, date, period, subject_id, teacher_id) VALUES (185, 2, NULL, '2025-10-27', 4, 7, 100004);
INSERT INTO timetables (id, class_id, major_id, date, period, subject_id, teacher_id) VALUES (186, 2, NULL, '2025-10-17', 5, 8, 100001);
INSERT INTO timetables (id, class_id, major_id, date, period, subject_id, teacher_id) VALUES (187, 2, NULL, '2025-04-24', 1, 13, 100004);
INSERT INTO timetables (id, class_id, major_id, date, period, subject_id, teacher_id) VALUES (188, 2, NULL, '2025-08-27', 6, 5, 100004);
INSERT INTO timetables (id, class_id, major_id, date, period, subject_id, teacher_id) VALUES (189, 2, NULL, '2025-09-02', 5, 5, 100004);
INSERT INTO timetables (id, class_id, major_id, date, period, subject_id, teacher_id) VALUES (190, 2, NULL, '2025-09-25', 3, 6, 100001);
INSERT INTO timetables (id, class_id, major_id, date, period, subject_id, teacher_id) VALUES (191, 2, 1, '2025-06-17', 5, 14, 100005);
INSERT INTO timetables (id, class_id, major_id, date, period, subject_id, teacher_id) VALUES (192, 2, 2, '2025-06-17', 5, 14, 100007);
INSERT INTO timetables (id, class_id, major_id, date, period, subject_id, teacher_id) VALUES (193, 2, NULL, '2025-11-10', 5, 4, 100003);
INSERT INTO timetables (id, class_id, major_id, date, period, subject_id, teacher_id) VALUES (194, 2, NULL, '2025-10-22', 3, 3, 100002);
INSERT INTO timetables (id, class_id, major_id, date, period, subject_id, teacher_id) VALUES (195, 2, 1, '2025-06-10', 2, 10, 100001);
INSERT INTO timetables (id, class_id, major_id, date, period, subject_id, teacher_id) VALUES (196, 2, 2, '2025-06-10', 2, 10, 100007);
INSERT INTO timetables (id, class_id, major_id, date, period, subject_id, teacher_id) VALUES (197, 2, NULL, '2025-09-29', 5, 6, 100001);
INSERT INTO timetables (id, class_id, major_id, date, period, subject_id, teacher_id) VALUES (198, 2, NULL, '2025-10-24', 6, 7, 100001);
INSERT INTO timetables (id, class_id, major_id, date, period, subject_id, teacher_id) VALUES (199, 2, NULL, '2025-07-15', 5, 14, 100005);
INSERT INTO timetables (id, class_id, major_id, date, period, subject_id, teacher_id) VALUES (200, 2, NULL, '2025-09-04', 1, 5, 100004);
INSERT INTO timetables (id, class_id, major_id, date, period, subject_id, teacher_id) VALUES (201, 2, 1, '2025-07-01', 5, 17, 100004);
INSERT INTO timetables (id, class_id, major_id, date, period, subject_id, teacher_id) VALUES (202, 2, 2, '2025-07-01', 5, 17, 100001);
INSERT INTO timetables (id, class_id, major_id, date, period, subject_id, teacher_id) VALUES (203, 2, NULL, '2025-09-03', 1, 5, 100004);
INSERT INTO timetables (id, class_id, major_id, date, period, subject_id, teacher_id) VALUES (204, 2, NULL, '2025-11-27', 2, 8, 100001);
INSERT INTO timetables (id, class_id, major_id, date, period, subject_id, teacher_id) VALUES (205, 2, NULL, '2025-10-10', 1, 7, 100001);
INSERT INTO timetables (id, class_id, major_id, date, period, subject_id, teacher_id) VALUES (206, 2, NULL, '2025-09-08', 3, 8, 100001);
INSERT INTO timetables (id, class_id, major_id, date, period, subject_id, teacher_id) VALUES (207, 2, 1, '2025-07-29', 1, 14, 100005);
INSERT INTO timetables (id, class_id, major_id, date, period, subject_id, teacher_id) VALUES (208, 2, 2, '2025-07-29', 1, 14, 100007);
INSERT INTO timetables (id, class_id, major_id, date, period, subject_id, teacher_id) VALUES (209, 2, 1, '2025-12-02', 4, 11, 100002);
INSERT INTO timetables (id, class_id, major_id, date, period, subject_id, teacher_id) VALUES (210, 2, 2, '2025-12-02', 4, 12, 100000);
INSERT INTO timetables (id, class_id, major_id, date, period, subject_id, teacher_id) VALUES (211, 2, 1, '2025-04-22', 3, 10, 100001);
INSERT INTO timetables (id, class_id, major_id, date, period, subject_id, teacher_id) VALUES (212, 2, 2, '2025-04-22', 3, 10, 100003);
INSERT INTO timetables (id, class_id, major_id, date, period, subject_id, teacher_id) VALUES (213, 2, NULL, '2025-09-16', 3, 6, 100001);
INSERT INTO timetables (id, class_id, major_id, date, period, subject_id, teacher_id) VALUES (214, 2, NULL, '2025-08-27', 1, 5, 100004);
INSERT INTO timetables (id, class_id, major_id, date, period, subject_id, teacher_id) VALUES (215, 2, NULL, '2025-11-07', 5, 9, 100005);
INSERT INTO timetables (id, class_id, major_id, date, period, subject_id, teacher_id) VALUES (216, 2, 1, '2025-07-10', 2, 10, 100006);
INSERT INTO timetables (id, class_id, major_id, date, period, subject_id, teacher_id) VALUES (217, 2, 2, '2025-07-10', 2, 10, 100003);
INSERT INTO timetables (id, class_id, major_id, date, period, subject_id, teacher_id) VALUES (218, 2, NULL, '2025-08-28', 4, 5, 100004);
INSERT INTO timetables (id, class_id, major_id, date, period, subject_id, teacher_id) VALUES (219, 2, NULL, '2025-10-20', 3, 8, 100004);
INSERT INTO timetables (id, class_id, major_id, date, period, subject_id, teacher_id) VALUES (220, 2, NULL, '2025-12-01', 4, 3, 100002);
INSERT INTO timetables (id, class_id, major_id, date, period, subject_id, teacher_id) VALUES (221, 2, 1, '2025-05-20', 2, 10, 100001);
INSERT INTO timetables (id, class_id, major_id, date, period, subject_id, teacher_id) VALUES (222, 2, 2, '2025-05-20', 2, 10, 100003);
INSERT INTO timetables (id, class_id, major_id, date, period, subject_id, teacher_id) VALUES (223, 2, NULL, '2025-11-12', 1, 3, 100002);
INSERT INTO timetables (id, class_id, major_id, date, period, subject_id, teacher_id) VALUES (224, 2, 1, '2025-06-24', 5, 17, 100004);
INSERT INTO timetables (id, class_id, major_id, date, period, subject_id, teacher_id) VALUES (225, 2, 2, '2025-06-24', 5, 17, 100009);
INSERT INTO timetables (id, class_id, major_id, date, period, subject_id, teacher_id) VALUES (226, 2, NULL, '2025-10-24', 1, 8, 100001);
INSERT INTO timetables (id, class_id, major_id, date, period, subject_id, teacher_id) VALUES (227, 2, NULL, '2025-12-12', 3, 9, 100005);
INSERT INTO timetables (id, class_id, major_id, date, period, subject_id, teacher_id) VALUES (228, 2, 1, '2026-01-07', 4, 11, 100002);
INSERT INTO timetables (id, class_id, major_id, date, period, subject_id, teacher_id) VALUES (229, 2, 2, '2026-01-07', 4, 12, 100000);
INSERT INTO timetables (id, class_id, major_id, date, period, subject_id, teacher_id) VALUES (230, 2, 1, '2025-06-10', 6, 14, 100005);
INSERT INTO timetables (id, class_id, major_id, date, period, subject_id, teacher_id) VALUES (231, 2, 2, '2025-06-10', 6, 14, 100007);
INSERT INTO timetables (id, class_id, major_id, date, period, subject_id, teacher_id) VALUES (232, 2, NULL, '2025-12-15', 6, 8, 100001);
INSERT INTO timetables (id, class_id, major_id, date, period, subject_id, teacher_id) VALUES (233, 2, NULL, '2025-11-06', 2, 4, 100003);
INSERT INTO timetables (id, class_id, major_id, date, period, subject_id, teacher_id) VALUES (234, 2, NULL, '2025-10-30', 2, 7, 100004);
INSERT INTO timetables (id, class_id, major_id, date, period, subject_id, teacher_id) VALUES (235, 2, NULL, '2025-09-04', 5, 5, 100004);
INSERT INTO timetables (id, class_id, major_id, date, period, subject_id, teacher_id) VALUES (236, 2, 1, '2025-07-24', 3, 10, 100001);
INSERT INTO timetables (id, class_id, major_id, date, period, subject_id, teacher_id) VALUES (237, 2, 2, '2025-07-24', 3, 10, 100003);
INSERT INTO timetables (id, class_id, major_id, date, period, subject_id, teacher_id) VALUES (238, 2, NULL, '2025-09-03', 5, 5, 100004);
INSERT INTO timetables (id, class_id, major_id, date, period, subject_id, teacher_id) VALUES (239, 2, NULL, '2025-09-12', 3, 8, 100001);
INSERT INTO timetables (id, class_id, major_id, date, period, subject_id, teacher_id) VALUES (240, 2, NULL, '2026-01-09', 4, 8, 100001);
INSERT INTO timetables (id, class_id, major_id, date, period, subject_id, teacher_id) VALUES (241, 2, NULL, '2025-09-22', 2, 6, 100001);
INSERT INTO timetables (id, class_id, major_id, date, period, subject_id, teacher_id) VALUES (242, 2, 1, '2025-09-19', 2, 6, 100002);
INSERT INTO timetables (id, class_id, major_id, date, period, subject_id, teacher_id) VALUES (243, 2, 2, '2025-09-19', 2, 6, 100001);
INSERT INTO timetables (id, class_id, major_id, date, period, subject_id, teacher_id) VALUES (244, 2, 1, '2025-12-10', 4, 11, 100002);
INSERT INTO timetables (id, class_id, major_id, date, period, subject_id, teacher_id) VALUES (245, 2, 2, '2025-12-10', 4, 12, 100000);
INSERT INTO timetables (id, class_id, major_id, date, period, subject_id, teacher_id) VALUES (246, 2, NULL, '2025-11-19', 3, 13, 100004);
INSERT INTO timetables (id, class_id, major_id, date, period, subject_id, teacher_id) VALUES (247, 2, 1, '2025-12-09', 4, 11, 100002);
INSERT INTO timetables (id, class_id, major_id, date, period, subject_id, teacher_id) VALUES (248, 2, 2, '2025-12-09', 4, 12, 100000);
INSERT INTO timetables (id, class_id, major_id, date, period, subject_id, teacher_id) VALUES (249, 2, NULL, '2025-08-25', 2, 5, 100004);
INSERT INTO timetables (id, class_id, major_id, date, period, subject_id, teacher_id) VALUES (250, 2, NULL, '2025-10-27', 3, 7, 100004);
INSERT INTO timetables (id, class_id, major_id, date, period, subject_id, teacher_id) VALUES (251, 2, NULL, '2025-10-17', 4, 8, 100001);
INSERT INTO timetables (id, class_id, major_id, date, period, subject_id, teacher_id) VALUES (252, 2, NULL, '2025-12-24', 2, 4, 100003);
INSERT INTO timetables (id, class_id, major_id, date, period, subject_id, teacher_id) VALUES (253, 2, 1, '2025-06-17', 4, 14, 100005);
INSERT INTO timetables (id, class_id, major_id, date, period, subject_id, teacher_id) VALUES (254, 2, 2, '2025-06-17', 4, 14, 100007);
INSERT INTO timetables (id, class_id, major_id, date, period, subject_id, teacher_id) VALUES (255, 2, 1, '2025-05-20', 6, 14, 100005);
INSERT INTO timetables (id, class_id, major_id, date, period, subject_id, teacher_id) VALUES (256, 2, 2, '2025-05-20', 6, 14, 100007);
INSERT INTO timetables (id, class_id, major_id, date, period, subject_id, teacher_id) VALUES (257, 2, NULL, '2025-11-10', 4, 4, 100003);
INSERT INTO timetables (id, class_id, major_id, date, period, subject_id, teacher_id) VALUES (258, 2, NULL, '2026-01-16', 5, 8, 100001);
INSERT INTO timetables (id, class_id, major_id, date, period, subject_id, teacher_id) VALUES (259, 2, NULL, '2025-12-05', 5, 8, 100001);
INSERT INTO timetables (id, class_id, major_id, date, period, subject_id, teacher_id) VALUES (260, 2, NULL, '2025-12-03', 1, 4, 100003);
INSERT INTO timetables (id, class_id, major_id, date, period, subject_id, teacher_id) VALUES (261, 2, NULL, '2025-10-22', 2, 3, 100002);
INSERT INTO timetables (id, class_id, major_id, date, period, subject_id, teacher_id) VALUES (262, 2, 1, '2025-06-19', 3, 10, 100001);
INSERT INTO timetables (id, class_id, major_id, date, period, subject_id, teacher_id) VALUES (263, 2, 2, '2025-06-19', 3, 10, 100003);
INSERT INTO timetables (id, class_id, major_id, date, period, subject_id, teacher_id) VALUES (264, 2, NULL, '2025-11-05', 3, 3, 100002);
INSERT INTO timetables (id, class_id, major_id, date, period, subject_id, teacher_id) VALUES (265, 2, 1, '2025-06-10', 1, 10, 100001);
INSERT INTO timetables (id, class_id, major_id, date, period, subject_id, teacher_id) VALUES (266, 2, 2, '2025-06-10', 1, 10, 100007);
INSERT INTO timetables (id, class_id, major_id, date, period, subject_id, teacher_id) VALUES (267, 2, NULL, '2025-05-22', 4, 18, 100004);
INSERT INTO timetables (id, class_id, major_id, date, period, subject_id, teacher_id) VALUES (268, 2, NULL, '2025-09-29', 4, 6, 100001);
INSERT INTO timetables (id, class_id, major_id, date, period, subject_id, teacher_id) VALUES (269, 2, NULL, '2025-10-24', 5, 8, 100001);
INSERT INTO timetables (id, class_id, major_id, date, period, subject_id, teacher_id) VALUES (270, 2, 1, '2025-12-15', 1, 1, 100000);
INSERT INTO timetables (id, class_id, major_id, date, period, subject_id, teacher_id) VALUES (271, 2, 2, '2025-12-15', 1, 2, 100001);
INSERT INTO timetables (id, class_id, major_id, date, period, subject_id, teacher_id) VALUES (272, 2, NULL, '2025-07-15', 4, 14, 100005);
INSERT INTO timetables (id, class_id, major_id, date, period, subject_id, teacher_id) VALUES (273, 2, NULL, '2025-11-28', 5, 8, 100001);
INSERT INTO timetables (id, class_id, major_id, date, period, subject_id, teacher_id) VALUES (274, 2, 1, '2025-12-23', 5, 11, 100002);
INSERT INTO timetables (id, class_id, major_id, date, period, subject_id, teacher_id) VALUES (275, 2, 2, '2025-12-23', 5, 12, 100000);
INSERT INTO timetables (id, class_id, major_id, date, period, subject_id, teacher_id) VALUES (276, 2, 1, '2025-06-03', 4, 14, 100005);
INSERT INTO timetables (id, class_id, major_id, date, period, subject_id, teacher_id) VALUES (277, 2, 2, '2025-06-03', 4, 14, 100007);
INSERT INTO timetables (id, class_id, major_id, date, period, subject_id, teacher_id) VALUES (278, 2, 1, '2026-01-13', 6, 11, 100002);
INSERT INTO timetables (id, class_id, major_id, date, period, subject_id, teacher_id) VALUES (279, 2, 2, '2026-01-13', 6, 12, 100000);
INSERT INTO timetables (id, class_id, major_id, date, period, subject_id, teacher_id) VALUES (280, 2, 1, '2025-11-18', 1, 1, 100000);
INSERT INTO timetables (id, class_id, major_id, date, period, subject_id, teacher_id) VALUES (281, 2, 2, '2025-11-18', 1, 2, 100001);
INSERT INTO timetables (id, class_id, major_id, date, period, subject_id, teacher_id) VALUES (282, 2, 1, '2025-09-19', 6, 6, 100002);
INSERT INTO timetables (id, class_id, major_id, date, period, subject_id, teacher_id) VALUES (283, 2, 2, '2025-09-19', 6, 6, 100001);
INSERT INTO timetables (id, class_id, major_id, date, period, subject_id, teacher_id) VALUES (284, 2, NULL, '2026-01-15', 3, 9, 100005);
INSERT INTO timetables (id, class_id, major_id, date, period, subject_id, teacher_id) VALUES (285, 2, 1, '2025-04-22', 2, 10, 100001);
INSERT INTO timetables (id, class_id, major_id, date, period, subject_id, teacher_id) VALUES (286, 2, 2, '2025-04-22', 2, 10, 100003);
INSERT INTO timetables (id, class_id, major_id, date, period, subject_id, teacher_id) VALUES (287, 2, NULL, '2025-09-16', 2, 6, 100001);
INSERT INTO timetables (id, class_id, major_id, date, period, subject_id, teacher_id) VALUES (288, 2, NULL, '2025-11-07', 4, 9, 100005);
INSERT INTO timetables (id, class_id, major_id, date, period, subject_id, teacher_id) VALUES (289, 2, NULL, '2025-08-28', 3, 5, 100004);
INSERT INTO timetables (id, class_id, major_id, date, period, subject_id, teacher_id) VALUES (290, 2, 1, '2025-11-11', 6, 11, 100002);
INSERT INTO timetables (id, class_id, major_id, date, period, subject_id, teacher_id) VALUES (291, 2, 2, '2025-11-11', 6, 12, 100000);
INSERT INTO timetables (id, class_id, major_id, date, period, subject_id, teacher_id) VALUES (292, 2, 1, '2025-05-20', 1, 10, 100001);
INSERT INTO timetables (id, class_id, major_id, date, period, subject_id, teacher_id) VALUES (293, 2, 2, '2025-05-20', 1, 10, 100003);
INSERT INTO timetables (id, class_id, major_id, date, period, subject_id, teacher_id) VALUES (294, 2, NULL, '2025-09-26', 4, 6, 100001);
INSERT INTO timetables (id, class_id, major_id, date, period, subject_id, teacher_id) VALUES (295, 2, NULL, '2025-09-05', 1, 5, 100004);
INSERT INTO timetables (id, class_id, major_id, date, period, subject_id, teacher_id) VALUES (296, 2, NULL, '2025-12-03', 5, 8, 100001);
INSERT INTO timetables (id, class_id, major_id, date, period, subject_id, teacher_id) VALUES (297, 2, NULL, '2025-10-28', 2, 7, 100004);
INSERT INTO timetables (id, class_id, major_id, date, period, subject_id, teacher_id) VALUES (298, 2, 1, '2025-06-24', 4, 17, 100004);
INSERT INTO timetables (id, class_id, major_id, date, period, subject_id, teacher_id) VALUES (299, 2, 2, '2025-06-24', 4, 17, 100001);
INSERT INTO timetables (id, class_id, major_id, date, period, subject_id, teacher_id) VALUES (300, 2, NULL, '2025-10-01', 2, 6, 100002);
INSERT INTO timetables (id, class_id, major_id, date, period, subject_id, teacher_id) VALUES (301, 2, 1, '2025-10-06', 2, 6, 100002);
INSERT INTO timetables (id, class_id, major_id, date, period, subject_id, teacher_id) VALUES (302, 2, 2, '2025-10-06', 2, 6, 100001);
INSERT INTO timetables (id, class_id, major_id, date, period, subject_id, teacher_id) VALUES (303, 2, 1, '2025-07-08', 2, 14, 100005);
INSERT INTO timetables (id, class_id, major_id, date, period, subject_id, teacher_id) VALUES (304, 2, 2, '2025-07-08', 2, 14, 100007);
INSERT INTO timetables (id, class_id, major_id, date, period, subject_id, teacher_id) VALUES (305, 2, NULL, '2025-11-21', 2, 3, 100002);
INSERT INTO timetables (id, class_id, major_id, date, period, subject_id, teacher_id) VALUES (306, 2, NULL, '2025-12-15', 5, 8, 100001);
INSERT INTO timetables (id, class_id, major_id, date, period, subject_id, teacher_id) VALUES (307, 2, NULL, '2025-11-06', 1, 4, 100003);
INSERT INTO timetables (id, class_id, major_id, date, period, subject_id, teacher_id) VALUES (308, 2, NULL, '2025-09-04', 4, 5, 100004);
INSERT INTO timetables (id, class_id, major_id, date, period, subject_id, teacher_id) VALUES (309, 2, 1, '2025-07-24', 2, 10, 100006);
INSERT INTO timetables (id, class_id, major_id, date, period, subject_id, teacher_id) VALUES (310, 2, 2, '2025-07-24', 2, 10, 100003);
INSERT INTO timetables (id, class_id, major_id, date, period, subject_id, teacher_id) VALUES (311, 2, NULL, '2025-08-26', 3, 5, 100004);
INSERT INTO timetables (id, class_id, major_id, date, period, subject_id, teacher_id) VALUES (312, 2, 1, '2026-01-13', 1, 1, 100000);
INSERT INTO timetables (id, class_id, major_id, date, period, subject_id, teacher_id) VALUES (313, 2, 2, '2026-01-13', 1, 2, 100001);
INSERT INTO timetables (id, class_id, major_id, date, period, subject_id, teacher_id) VALUES (314, 2, NULL, '2025-09-03', 4, 5, 100004);
INSERT INTO timetables (id, class_id, major_id, date, period, subject_id, teacher_id) VALUES (315, 2, NULL, '2026-01-09', 3, 9, 100005);
INSERT INTO timetables (id, class_id, major_id, date, period, subject_id, teacher_id) VALUES (316, 2, NULL, '2025-09-19', 1, 7, 100001);
INSERT INTO timetables (id, class_id, major_id, date, period, subject_id, teacher_id) VALUES (317, 2, NULL, '2025-11-19', 2, 13, 100004);
INSERT INTO timetables (id, class_id, major_id, date, period, subject_id, teacher_id) VALUES (318, 2, NULL, '2025-11-18', 5, 8, 100002);
INSERT INTO timetables (id, class_id, major_id, date, period, subject_id, teacher_id) VALUES (319, 2, NULL, '2025-12-24', 1, 4, 100003);
INSERT INTO timetables (id, class_id, major_id, date, period, subject_id, teacher_id) VALUES (320, 2, 1, '2025-11-11', 1, 1, 100000);
INSERT INTO timetables (id, class_id, major_id, date, period, subject_id, teacher_id) VALUES (321, 2, 2, '2025-11-11', 1, 2, 100001);
INSERT INTO timetables (id, class_id, major_id, date, period, subject_id, teacher_id) VALUES (322, 2, 1, '2025-06-17', 3, 14, 100005);
INSERT INTO timetables (id, class_id, major_id, date, period, subject_id, teacher_id) VALUES (323, 2, 2, '2025-06-17', 3, 14, 100007);
INSERT INTO timetables (id, class_id, major_id, date, period, subject_id, teacher_id) VALUES (324, 2, NULL, '2025-09-11', 3, 7, 100010);
INSERT INTO timetables (id, class_id, major_id, date, period, subject_id, teacher_id) VALUES (325, 2, NULL, '2026-01-16', 4, 8, 100001);
INSERT INTO timetables (id, class_id, major_id, date, period, subject_id, teacher_id) VALUES (326, 2, NULL, '2025-12-05', 4, 8, 100001);
INSERT INTO timetables (id, class_id, major_id, date, period, subject_id, teacher_id) VALUES (327, 2, NULL, '2025-09-05', 5, 5, 100004);
INSERT INTO timetables (id, class_id, major_id, date, period, subject_id, teacher_id) VALUES (328, 2, NULL, '2025-10-28', 6, 7, 100004);
INSERT INTO timetables (id, class_id, major_id, date, period, subject_id, teacher_id) VALUES (329, 2, NULL, '2025-08-01', 3, 19, 100004);
INSERT INTO timetables (id, class_id, major_id, date, period, subject_id, teacher_id) VALUES (330, 2, 1, '2025-06-19', 2, 10, 100006);
INSERT INTO timetables (id, class_id, major_id, date, period, subject_id, teacher_id) VALUES (331, 2, 2, '2025-06-19', 2, 10, 100003);
INSERT INTO timetables (id, class_id, major_id, date, period, subject_id, teacher_id) VALUES (332, 2, NULL, '2025-11-05', 2, 3, 100002);
INSERT INTO timetables (id, class_id, major_id, date, period, subject_id, teacher_id) VALUES (333, 2, NULL, '2025-05-22', 3, 18, 100004);
INSERT INTO timetables (id, class_id, major_id, date, period, subject_id, teacher_id) VALUES (334, 2, NULL, '2025-10-02', 2, 6, 100002);
INSERT INTO timetables (id, class_id, major_id, date, period, subject_id, teacher_id) VALUES (335, 2, NULL, '2025-10-29', 1, 7, 100004);
INSERT INTO timetables (id, class_id, major_id, date, period, subject_id, teacher_id) VALUES (336, 2, 1, '2025-10-06', 6, 6, 100002);
INSERT INTO timetables (id, class_id, major_id, date, period, subject_id, teacher_id) VALUES (337, 2, 2, '2025-10-06', 6, 6, 100001);
INSERT INTO timetables (id, class_id, major_id, date, period, subject_id, teacher_id) VALUES (338, 2, NULL, '2025-11-21', 6, 9, 100005);
INSERT INTO timetables (id, class_id, major_id, date, period, subject_id, teacher_id) VALUES (339, 2, NULL, '2025-11-28', 4, 8, 100001);
INSERT INTO timetables (id, class_id, major_id, date, period, subject_id, teacher_id) VALUES (340, 2, 1, '2025-12-23', 4, 11, 100002);
INSERT INTO timetables (id, class_id, major_id, date, period, subject_id, teacher_id) VALUES (341, 2, 2, '2025-12-23', 4, 12, 100000);
INSERT INTO timetables (id, class_id, major_id, date, period, subject_id, teacher_id) VALUES (342, 2, 1, '2026-01-21', 4, 11, 100002);
INSERT INTO timetables (id, class_id, major_id, date, period, subject_id, teacher_id) VALUES (343, 2, 2, '2026-01-21', 4, 12, 100000);
INSERT INTO timetables (id, class_id, major_id, date, period, subject_id, teacher_id) VALUES (344, 2, 1, '2025-05-15', 1, 10, 100006);
INSERT INTO timetables (id, class_id, major_id, date, period, subject_id, teacher_id) VALUES (345, 2, 2, '2025-05-15', 1, 10, 100001);
INSERT INTO timetables (id, class_id, major_id, date, period, subject_id, teacher_id) VALUES (346, 2, 1, '2025-06-03', 3, 14, 100005);
INSERT INTO timetables (id, class_id, major_id, date, period, subject_id, teacher_id) VALUES (347, 2, 2, '2025-06-03', 3, 14, 100007);
INSERT INTO timetables (id, class_id, major_id, date, period, subject_id, teacher_id) VALUES (348, 2, 1, '2026-01-13', 5, 11, 100002);
INSERT INTO timetables (id, class_id, major_id, date, period, subject_id, teacher_id) VALUES (349, 2, 2, '2026-01-13', 5, 12, 100000);
INSERT INTO timetables (id, class_id, major_id, date, period, subject_id, teacher_id) VALUES (350, 2, NULL, '2025-12-18', 3, 4, 100003);
INSERT INTO timetables (id, class_id, major_id, date, period, subject_id, teacher_id) VALUES (351, 2, 1, '2025-09-19', 5, 6, 100002);
INSERT INTO timetables (id, class_id, major_id, date, period, subject_id, teacher_id) VALUES (352, 2, 2, '2025-09-19', 5, 6, 100001);
INSERT INTO timetables (id, class_id, major_id, date, period, subject_id, teacher_id) VALUES (353, 2, NULL, '2025-11-19', 6, 13, 100004);
INSERT INTO timetables (id, class_id, major_id, date, period, subject_id, teacher_id) VALUES (354, 2, NULL, '2025-09-24', 4, 6, 100002);
INSERT INTO timetables (id, class_id, major_id, date, period, subject_id, teacher_id) VALUES (355, 2, NULL, '2026-01-15', 2, 9, 100005);
INSERT INTO timetables (id, class_id, major_id, date, period, subject_id, teacher_id) VALUES (356, 2, NULL, '2025-08-29', 4, 5, 100004);
INSERT INTO timetables (id, class_id, major_id, date, period, subject_id, teacher_id) VALUES (357, 2, NULL, '2026-01-14', 1, 3, 100002);
INSERT INTO timetables (id, class_id, major_id, date, period, subject_id, teacher_id) VALUES (358, 2, 1, '2025-07-22', 3, 14, 100005);
INSERT INTO timetables (id, class_id, major_id, date, period, subject_id, teacher_id) VALUES (359, 2, 2, '2025-07-22', 3, 14, 100007);
INSERT INTO timetables (id, class_id, major_id, date, period, subject_id, teacher_id) VALUES (360, 2, NULL, '2025-11-07', 3, 8, 100001);
INSERT INTO timetables (id, class_id, major_id, date, period, subject_id, teacher_id) VALUES (361, 2, 1, '2025-11-11', 5, 11, 100002);
INSERT INTO timetables (id, class_id, major_id, date, period, subject_id, teacher_id) VALUES (362, 2, 2, '2025-11-11', 5, 12, 100000);
INSERT INTO timetables (id, class_id, major_id, date, period, subject_id, teacher_id) VALUES (363, 2, NULL, '2025-12-17', 4, 4, 100003);
INSERT INTO timetables (id, class_id, major_id, date, period, subject_id, teacher_id) VALUES (364, 2, NULL, '2025-09-26', 3, 6, 100001);
INSERT INTO timetables (id, class_id, major_id, date, period, subject_id, teacher_id) VALUES (365, 2, NULL, '2025-10-28', 1, 7, 100004);
INSERT INTO timetables (id, class_id, major_id, date, period, subject_id, teacher_id) VALUES (366, 2, 1, '2025-06-24', 3, 14, 100005);
INSERT INTO timetables (id, class_id, major_id, date, period, subject_id, teacher_id) VALUES (367, 2, 2, '2025-06-24', 3, 14, 100007);
INSERT INTO timetables (id, class_id, major_id, date, period, subject_id, teacher_id) VALUES (368, 2, NULL, '2025-09-01', 5, 5, 100004);
INSERT INTO timetables (id, class_id, major_id, date, period, subject_id, teacher_id) VALUES (369, 2, NULL, '2025-10-01', 1, 6, 100002);
INSERT INTO timetables (id, class_id, major_id, date, period, subject_id, teacher_id) VALUES (370, 2, 1, '2025-10-06', 1, 6, 100002);
INSERT INTO timetables (id, class_id, major_id, date, period, subject_id, teacher_id) VALUES (371, 2, 2, '2025-10-06', 1, 6, 100001);
INSERT INTO timetables (id, class_id, major_id, date, period, subject_id, teacher_id) VALUES (372, 2, 1, '2025-07-08', 1, 14, 100005);
INSERT INTO timetables (id, class_id, major_id, date, period, subject_id, teacher_id) VALUES (373, 2, 2, '2025-07-08', 1, 14, 100007);
INSERT INTO timetables (id, class_id, major_id, date, period, subject_id, teacher_id) VALUES (374, 2, NULL, '2025-10-29', 5, 7, 100004);
INSERT INTO timetables (id, class_id, major_id, date, period, subject_id, teacher_id) VALUES (375, 2, NULL, '2025-11-21', 1, 7, 100001);
INSERT INTO timetables (id, class_id, major_id, date, period, subject_id, teacher_id) VALUES (376, 2, 1, '2025-10-09', 3, 6, 100002);
INSERT INTO timetables (id, class_id, major_id, date, period, subject_id, teacher_id) VALUES (377, 2, 2, '2025-10-09', 3, 6, 100001);
INSERT INTO timetables (id, class_id, major_id, date, period, subject_id, teacher_id) VALUES (378, 2, NULL, '2025-08-26', 2, 5, 100004);
INSERT INTO timetables (id, class_id, major_id, date, period, subject_id, teacher_id) VALUES (379, 2, NULL, '2025-12-19', 2, 9, 100005);
INSERT INTO timetables (id, class_id, major_id, date, period, subject_id, teacher_id) VALUES (380, 2, 1, '2025-11-04', 6, 11, 100002);
INSERT INTO timetables (id, class_id, major_id, date, period, subject_id, teacher_id) VALUES (381, 2, 2, '2025-11-04', 6, 12, 100000);
INSERT INTO timetables (id, class_id, major_id, date, period, subject_id, teacher_id) VALUES (382, 2, 1, '2025-10-15', 4, 11, 100005);
INSERT INTO timetables (id, class_id, major_id, date, period, subject_id, teacher_id) VALUES (383, 2, 2, '2025-10-15', 4, 12, 100000);
INSERT INTO timetables (id, class_id, major_id, date, period, subject_id, teacher_id) VALUES (384, 2, 1, '2025-06-12', 2, 10, 100006);
INSERT INTO timetables (id, class_id, major_id, date, period, subject_id, teacher_id) VALUES (385, 2, 2, '2025-06-12', 2, 10, 100003);
INSERT INTO timetables (id, class_id, major_id, date, period, subject_id, teacher_id) VALUES (386, 2, 1, '2025-07-03', 1, 10, 100006);
INSERT INTO timetables (id, class_id, major_id, date, period, subject_id, teacher_id) VALUES (387, 2, 2, '2025-07-03', 1, 10, 100003);
INSERT INTO timetables (id, class_id, major_id, date, period, subject_id, teacher_id) VALUES (388, 2, NULL, '2025-11-18', 4, 8, 100002);
INSERT INTO timetables (id, class_id, major_id, date, period, subject_id, teacher_id) VALUES (389, 2, NULL, '2025-12-04', 1, 8, 100001);
INSERT INTO timetables (id, class_id, major_id, date, period, subject_id, teacher_id) VALUES (390, 2, 1, '2026-01-14', 5, 11, 100002);
INSERT INTO timetables (id, class_id, major_id, date, period, subject_id, teacher_id) VALUES (391, 2, 2, '2026-01-14', 5, 12, 100000);
INSERT INTO timetables (id, class_id, major_id, date, period, subject_id, teacher_id) VALUES (392, 2, NULL, '2025-09-11', 2, 7, 100010);
INSERT INTO timetables (id, class_id, major_id, date, period, subject_id, teacher_id) VALUES (393, 2, NULL, '2026-01-16', 3, 13, 100004);
INSERT INTO timetables (id, class_id, major_id, date, period, subject_id, teacher_id) VALUES (394, 2, NULL, '2025-12-05', 3, 9, 100005);
INSERT INTO timetables (id, class_id, major_id, date, period, subject_id, teacher_id) VALUES (395, 2, NULL, '2025-09-10', 3, 8, 100001);
INSERT INTO timetables (id, class_id, major_id, date, period, subject_id, teacher_id) VALUES (396, 2, NULL, '2025-09-05', 4, 5, 100004);
INSERT INTO timetables (id, class_id, major_id, date, period, subject_id, teacher_id) VALUES (397, 2, NULL, '2025-10-28', 5, 7, 100004);
INSERT INTO timetables (id, class_id, major_id, date, period, subject_id, teacher_id) VALUES (398, 2, 1, '2025-06-19', 1, 10, 100006);
INSERT INTO timetables (id, class_id, major_id, date, period, subject_id, teacher_id) VALUES (399, 2, 2, '2025-06-19', 1, 10, 100003);
INSERT INTO timetables (id, class_id, major_id, date, period, subject_id, teacher_id) VALUES (400, 2, NULL, '2025-05-22', 2, 18, 100004);
INSERT INTO timetables (id, class_id, major_id, date, period, subject_id, teacher_id) VALUES (401, 2, NULL, '2025-10-02', 1, 6, 100002);
INSERT INTO timetables (id, class_id, major_id, date, period, subject_id, teacher_id) VALUES (402, 2, NULL, '2025-10-23', 1, 8, 100001);
INSERT INTO timetables (id, class_id, major_id, date, period, subject_id, teacher_id) VALUES (403, 2, NULL, '2025-10-01', 5, 6, 100002);
INSERT INTO timetables (id, class_id, major_id, date, period, subject_id, teacher_id) VALUES (404, 2, NULL, '2025-11-21', 5, 9, 100005);
INSERT INTO timetables (id, class_id, major_id, date, period, subject_id, teacher_id) VALUES (405, 2, NULL, '2025-11-28', 3, 9, 100005);
INSERT INTO timetables (id, class_id, major_id, date, period, subject_id, teacher_id) VALUES (406, 2, 1, '2025-12-23', 3, 1, 100000);
INSERT INTO timetables (id, class_id, major_id, date, period, subject_id, teacher_id) VALUES (407, 2, 2, '2025-12-23', 3, 2, 100001);
INSERT INTO timetables (id, class_id, major_id, date, period, subject_id, teacher_id) VALUES (408, 2, NULL, '2026-01-21', 3, 4, 100003);
INSERT INTO timetables (id, class_id, major_id, date, period, subject_id, teacher_id) VALUES (409, 2, NULL, '2025-12-08', 3, 3, 100002);
INSERT INTO timetables (id, class_id, major_id, date, period, subject_id, teacher_id) VALUES (410, 2, NULL, '2025-12-19', 6, 8, 100001);
INSERT INTO timetables (id, class_id, major_id, date, period, subject_id, teacher_id) VALUES (411, 2, 1, '2025-11-04', 1, 1, 100000);
INSERT INTO timetables (id, class_id, major_id, date, period, subject_id, teacher_id) VALUES (412, 2, 2, '2025-11-04', 1, 2, 100001);
INSERT INTO timetables (id, class_id, major_id, date, period, subject_id, teacher_id) VALUES (413, 2, 1, '2026-01-13', 4, 11, 100002);
INSERT INTO timetables (id, class_id, major_id, date, period, subject_id, teacher_id) VALUES (414, 2, 2, '2026-01-13', 4, 12, 100000);
INSERT INTO timetables (id, class_id, major_id, date, period, subject_id, teacher_id) VALUES (415, 2, NULL, '2025-09-30', 2, 6, 100001);
INSERT INTO timetables (id, class_id, major_id, date, period, subject_id, teacher_id) VALUES (416, 2, NULL, '2025-12-18', 2, 4, 100003);
INSERT INTO timetables (id, class_id, major_id, date, period, subject_id, teacher_id) VALUES (417, 2, NULL, '2025-09-24', 3, 6, 100002);
INSERT INTO timetables (id, class_id, major_id, date, period, subject_id, teacher_id) VALUES (418, 2, NULL, '2025-08-29', 3, 5, 100004);
INSERT INTO timetables (id, class_id, major_id, date, period, subject_id, teacher_id) VALUES (419, 2, 1, '2025-10-03', 5, 6, 100002);
INSERT INTO timetables (id, class_id, major_id, date, period, subject_id, teacher_id) VALUES (420, 2, 2, '2025-10-03', 5, 6, 100001);
INSERT INTO timetables (id, class_id, major_id, date, period, subject_id, teacher_id) VALUES (421, 2, 1, '2025-11-11', 4, 11, 100002);
INSERT INTO timetables (id, class_id, major_id, date, period, subject_id, teacher_id) VALUES (422, 2, 2, '2025-11-11', 4, 12, 100000);
INSERT INTO timetables (id, class_id, major_id, date, period, subject_id, teacher_id) VALUES (423, 2, NULL, '2025-12-17', 3, 3, 100002);
INSERT INTO timetables (id, class_id, major_id, date, period, subject_id, teacher_id) VALUES (424, 2, NULL, '2025-09-26', 2, 6, 100001);
INSERT INTO timetables (id, class_id, major_id, date, period, subject_id, teacher_id) VALUES (425, 2, NULL, '2025-12-22', 4, 4, 100003);
INSERT INTO timetables (id, class_id, major_id, date, period, subject_id, teacher_id) VALUES (426, 2, NULL, '2025-09-01', 4, 5, 100004);
INSERT INTO timetables (id, class_id, major_id, date, period, subject_id, teacher_id) VALUES (427, 2, NULL, '2026-01-19', 5, 9, 100005);
INSERT INTO timetables (id, class_id, major_id, date, period, subject_id, teacher_id) VALUES (428, 2, NULL, '2025-11-17', 4, 4, 100003);
INSERT INTO timetables (id, class_id, major_id, date, period, subject_id, teacher_id) VALUES (429, 2, 1, '2025-06-05', 3, 10, 100006);
INSERT INTO timetables (id, class_id, major_id, date, period, subject_id, teacher_id) VALUES (430, 2, 2, '2025-06-05', 3, 10, 100003);
INSERT INTO timetables (id, class_id, major_id, date, period, subject_id, teacher_id) VALUES (431, 2, NULL, '2025-12-19', 1, 7, 100001);
INSERT INTO timetables (id, class_id, major_id, date, period, subject_id, teacher_id) VALUES (432, 2, 1, '2025-07-17', 3, 10, 100001);
INSERT INTO timetables (id, class_id, major_id, date, period, subject_id, teacher_id) VALUES (433, 2, 2, '2025-07-17', 3, 10, 100003);
INSERT INTO timetables (id, class_id, major_id, date, period, subject_id, teacher_id) VALUES (434, 2, 1, '2025-11-04', 5, 11, 100002);
INSERT INTO timetables (id, class_id, major_id, date, period, subject_id, teacher_id) VALUES (435, 2, 2, '2025-11-04', 5, 12, 100000);
INSERT INTO timetables (id, class_id, major_id, date, period, subject_id, teacher_id) VALUES (436, 2, 1, '2025-12-16', 6, 11, 100002);
INSERT INTO timetables (id, class_id, major_id, date, period, subject_id, teacher_id) VALUES (437, 2, 2, '2025-12-16', 6, 12, 100000);
INSERT INTO timetables (id, class_id, major_id, date, period, subject_id, teacher_id) VALUES (438, 2, NULL, '2025-10-15', 3, 3, 100002);
INSERT INTO timetables (id, class_id, major_id, date, period, subject_id, teacher_id) VALUES (439, 2, 1, '2025-06-12', 1, 10, 100006);
INSERT INTO timetables (id, class_id, major_id, date, period, subject_id, teacher_id) VALUES (440, 2, 2, '2025-06-12', 1, 10, 100003);
INSERT INTO timetables (id, class_id, major_id, date, period, subject_id, teacher_id) VALUES (441, 2, NULL, '2025-09-30', 6, 6, 100001);
INSERT INTO timetables (id, class_id, major_id, date, period, subject_id, teacher_id) VALUES (442, 2, NULL, '2025-09-10', 2, 8, 100001);
INSERT INTO timetables (id, class_id, major_id, date, period, subject_id, teacher_id) VALUES (443, 2, NULL, '2025-11-13', 3, 8, 100001);
INSERT INTO timetables (id, class_id, major_id, date, period, subject_id, teacher_id) VALUES (444, 2, 1, '2025-10-07', 1, 6, 100002);
INSERT INTO timetables (id, class_id, major_id, date, period, subject_id, teacher_id) VALUES (445, 2, 2, '2025-10-07', 1, 6, 100001);
INSERT INTO timetables (id, class_id, major_id, date, period, subject_id, teacher_id) VALUES (446, 2, NULL, '2025-05-27', 1, 10, 100004);
INSERT INTO timetables (id, class_id, major_id, date, period, subject_id, teacher_id) VALUES (447, 2, NULL, '2025-09-17', 3, 6, 100001);
INSERT INTO timetables (id, class_id, major_id, date, period, subject_id, teacher_id) VALUES (448, 2, 1, '2025-10-14', 1, 1, 100000);
INSERT INTO timetables (id, class_id, major_id, date, period, subject_id, teacher_id) VALUES (449, 2, 2, '2025-10-14', 1, 2, 100001);
INSERT INTO timetables (id, class_id, major_id, date, period, subject_id, teacher_id) VALUES (450, 2, NULL, '2026-01-21', 2, 4, 100003);
INSERT INTO timetables (id, class_id, major_id, date, period, subject_id, teacher_id) VALUES (451, 2, 1, '2025-06-26', 3, 10, 100001);
INSERT INTO timetables (id, class_id, major_id, date, period, subject_id, teacher_id) VALUES (452, 2, 2, '2025-06-26', 3, 10, 100003);
INSERT INTO timetables (id, class_id, major_id, date, period, subject_id, teacher_id) VALUES (453, 2, NULL, '2025-12-08', 2, 3, 100002);
INSERT INTO timetables (id, class_id, major_id, date, period, subject_id, teacher_id) VALUES (454, 2, NULL, '2025-11-14', 5, 9, 100005);
INSERT INTO timetables (id, class_id, major_id, date, period, subject_id, teacher_id) VALUES (455, 2, 1, '2025-12-16', 1, 1, 100000);
INSERT INTO timetables (id, class_id, major_id, date, period, subject_id, teacher_id) VALUES (456, 2, 2, '2025-12-16', 1, 2, 100001);
INSERT INTO timetables (id, class_id, major_id, date, period, subject_id, teacher_id) VALUES (457, 2, NULL, '2025-04-24', 5, 13, 100004);
INSERT INTO timetables (id, class_id, major_id, date, period, subject_id, teacher_id) VALUES (458, 2, NULL, '2025-09-30', 1, 6, 100001);
INSERT INTO timetables (id, class_id, major_id, date, period, subject_id, teacher_id) VALUES (459, 2, 1, '2025-05-13', 2, 18, 100004);
INSERT INTO timetables (id, class_id, major_id, date, period, subject_id, teacher_id) VALUES (460, 2, 2, '2025-05-13', 2, 18, 100003);
INSERT INTO timetables (id, class_id, major_id, date, period, subject_id, teacher_id) VALUES (461, 2, 1, '2025-05-01', 3, 10, 100001);
INSERT INTO timetables (id, class_id, major_id, date, period, subject_id, teacher_id) VALUES (462, 2, 2, '2025-05-01', 3, 10, 100003);
INSERT INTO timetables (id, class_id, major_id, date, period, subject_id, teacher_id) VALUES (463, 2, 1, '2025-10-03', 4, 6, 100002);
INSERT INTO timetables (id, class_id, major_id, date, period, subject_id, teacher_id) VALUES (464, 2, 2, '2025-10-03', 4, 6, 100001);
INSERT INTO timetables (id, class_id, major_id, date, period, subject_id, teacher_id) VALUES (465, 2, NULL, '2026-01-08', 3, 8, 100003);
INSERT INTO timetables (id, class_id, major_id, date, period, subject_id, teacher_id) VALUES (466, 2, NULL, '2025-12-22', 3, 4, 100003);
INSERT INTO timetables (id, class_id, major_id, date, period, subject_id, teacher_id) VALUES (467, 2, 1, '2026-01-20', 2, 1, 100000);
INSERT INTO timetables (id, class_id, major_id, date, period, subject_id, teacher_id) VALUES (468, 2, 2, '2026-01-20', 2, 2, 100001);
INSERT INTO timetables (id, class_id, major_id, date, period, subject_id, teacher_id) VALUES (469, 2, 1, '2025-09-18', 3, 6, 100002);
INSERT INTO timetables (id, class_id, major_id, date, period, subject_id, teacher_id) VALUES (470, 2, 2, '2025-09-18', 3, 6, 100001);
INSERT INTO timetables (id, class_id, major_id, date, period, subject_id, teacher_id) VALUES (471, 2, NULL, '2025-10-08', 2, 6, 100001);
INSERT INTO timetables (id, class_id, major_id, date, period, subject_id, teacher_id) VALUES (472, 2, 1, '2025-05-08', 2, 10, 100006);
INSERT INTO timetables (id, class_id, major_id, date, period, subject_id, teacher_id) VALUES (473, 2, 2, '2025-05-08', 2, 10, 100003);
INSERT INTO timetables (id, class_id, major_id, date, period, subject_id, teacher_id) VALUES (474, 2, 1, '2025-10-07', 5, 6, 100002);
INSERT INTO timetables (id, class_id, major_id, date, period, subject_id, teacher_id) VALUES (475, 2, 2, '2025-10-07', 5, 6, 100001);
INSERT INTO timetables (id, class_id, major_id, date, period, subject_id, teacher_id) VALUES (476, 2, 1, '2025-11-25', 2, 1, 100000);
INSERT INTO timetables (id, class_id, major_id, date, period, subject_id, teacher_id) VALUES (477, 2, 2, '2025-11-25', 2, 2, 100001);
INSERT INTO timetables (id, class_id, major_id, date, period, subject_id, teacher_id) VALUES (478, 2, NULL, '2025-09-09', 2, 8, 100001);
INSERT INTO timetables (id, class_id, major_id, date, period, subject_id, teacher_id) VALUES (479, 2, NULL, '2025-10-31', 2, 7, 100004);
INSERT INTO timetables (id, class_id, major_id, date, period, subject_id, teacher_id) VALUES (480, 2, NULL, '2025-11-26', 3, 3, 100002);
INSERT INTO timetables (id, class_id, major_id, date, period, subject_id, teacher_id) VALUES (481, 2, NULL, '2026-01-19', 4, 9, 100005);
INSERT INTO timetables (id, class_id, major_id, date, period, subject_id, teacher_id) VALUES (482, 2, 1, '2025-10-10', 5, 6, 100002);
INSERT INTO timetables (id, class_id, major_id, date, period, subject_id, teacher_id) VALUES (483, 2, 2, '2025-10-10', 5, 6, 100001);
INSERT INTO timetables (id, class_id, major_id, date, period, subject_id, teacher_id) VALUES (484, 2, 1, '2025-11-17', 3, 1, 100000);
INSERT INTO timetables (id, class_id, major_id, date, period, subject_id, teacher_id) VALUES (485, 2, 2, '2025-11-17', 3, 2, 100001);
INSERT INTO timetables (id, class_id, major_id, date, period, subject_id, teacher_id) VALUES (486, 2, 1, '2025-06-05', 2, 10, 100006);
INSERT INTO timetables (id, class_id, major_id, date, period, subject_id, teacher_id) VALUES (487, 2, 2, '2025-06-05', 2, 10, 100003);
INSERT INTO timetables (id, class_id, major_id, date, period, subject_id, teacher_id) VALUES (488, 2, 1, '2025-10-14', 5, 11, 100002);
INSERT INTO timetables (id, class_id, major_id, date, period, subject_id, teacher_id) VALUES (489, 2, 2, '2025-10-14', 5, 12, 100000);
INSERT INTO timetables (id, class_id, major_id, date, period, subject_id, teacher_id) VALUES (490, 2, 1, '2025-07-17', 2, 10, 100006);
INSERT INTO timetables (id, class_id, major_id, date, period, subject_id, teacher_id) VALUES (491, 2, 2, '2025-07-17', 2, 10, 100003);
INSERT INTO timetables (id, class_id, major_id, date, period, subject_id, teacher_id) VALUES (492, 2, NULL, '2025-10-16', 3, 8, 100001);
INSERT INTO timetables (id, class_id, major_id, date, period, subject_id, teacher_id) VALUES (493, 2, 1, '2025-12-16', 5, 11, 100002);
INSERT INTO timetables (id, class_id, major_id, date, period, subject_id, teacher_id) VALUES (494, 2, 2, '2025-12-16', 5, 12, 100000);
INSERT INTO timetables (id, class_id, major_id, date, period, subject_id, teacher_id) VALUES (495, 2, NULL, '2025-08-27', 5, 5, 100004);
INSERT INTO timetables (id, class_id, major_id, date, period, subject_id, teacher_id) VALUES (496, 2, NULL, '2025-09-02', 4, 5, 100004);
INSERT INTO timetables (id, class_id, major_id, date, period, subject_id, teacher_id) VALUES (497, 2, NULL, '2025-09-25', 2, 6, 100001);
INSERT INTO timetables (id, class_id, major_id, date, period, subject_id, teacher_id) VALUES (498, 2, NULL, '2025-09-30', 5, 6, 100001);
INSERT INTO timetables (id, class_id, major_id, date, period, subject_id, teacher_id) VALUES (499, 2, 1, '2025-05-13', 6, 14, 100003);
INSERT INTO timetables (id, class_id, major_id, date, period, subject_id, teacher_id) VALUES (500, 2, 2, '2025-05-13', 6, 14, 100007);
INSERT INTO timetables (id, class_id, major_id, date, period, subject_id, teacher_id) VALUES (501, 2, NULL, '2025-11-12', 5, 4, 100003);
INSERT INTO timetables (id, class_id, major_id, date, period, subject_id, teacher_id) VALUES (502, 2, NULL, '2025-09-10', 1, 8, 100001);
INSERT INTO timetables (id, class_id, major_id, date, period, subject_id, teacher_id) VALUES (503, 2, NULL, '2025-11-13', 2, 8, 100001);
INSERT INTO timetables (id, class_id, major_id, date, period, subject_id, teacher_id) VALUES (504, 2, 1, '2026-01-20', 6, 11, 100002);
INSERT INTO timetables (id, class_id, major_id, date, period, subject_id, teacher_id) VALUES (505, 2, 2, '2026-01-20', 6, 12, 100000);
INSERT INTO timetables (id, class_id, major_id, date, period, subject_id, teacher_id) VALUES (506, 2, 1, '2025-05-08', 6, 16, 100004);
INSERT INTO timetables (id, class_id, major_id, date, period, subject_id, teacher_id) VALUES (507, 2, 2, '2025-05-08', 6, 16, 100008);
INSERT INTO timetables (id, class_id, major_id, date, period, subject_id, teacher_id) VALUES (508, 2, 1, '2025-07-01', 4, 17, 100004);
INSERT INTO timetables (id, class_id, major_id, date, period, subject_id, teacher_id) VALUES (509, 2, 2, '2025-07-01', 4, 17, 100001);
INSERT INTO timetables (id, class_id, major_id, date, period, subject_id, teacher_id) VALUES (510, 2, 1, '2025-11-25', 6, 11, 100002);
INSERT INTO timetables (id, class_id, major_id, date, period, subject_id, teacher_id) VALUES (511, 2, 2, '2025-11-25', 6, 12, 100000);
INSERT INTO timetables (id, class_id, major_id, date, period, subject_id, teacher_id) VALUES (512, 2, NULL, '2025-09-09', 6, 8, 100001);
INSERT INTO timetables (id, class_id, major_id, date, period, subject_id, teacher_id) VALUES (513, 2, NULL, '2025-11-27', 1, 8, 100001);
INSERT INTO timetables (id, class_id, major_id, date, period, subject_id, teacher_id) VALUES (514, 2, NULL, '2025-09-08', 2, 8, 100001);
INSERT INTO timetables (id, class_id, major_id, date, period, subject_id, teacher_id) VALUES (515, 2, NULL, '2025-09-17', 2, 6, 100001);
INSERT INTO timetables (id, class_id, major_id, date, period, subject_id, teacher_id) VALUES (516, 2, NULL, '2025-09-22', 6, 6, 100001);
INSERT INTO timetables (id, class_id, major_id, date, period, subject_id, teacher_id) VALUES (517, 2, NULL, '2025-10-31', 6, 7, 100004);
INSERT INTO timetables (id, class_id, major_id, date, period, subject_id, teacher_id) VALUES (518, 2, 1, '2025-06-26', 2, 10, 100006);
INSERT INTO timetables (id, class_id, major_id, date, period, subject_id, teacher_id) VALUES (519, 2, 2, '2025-06-26', 2, 10, 100003);
INSERT INTO timetables (id, class_id, major_id, date, period, subject_id, teacher_id) VALUES (520, 2, 1, '2025-12-02', 3, 1, 100000);
INSERT INTO timetables (id, class_id, major_id, date, period, subject_id, teacher_id) VALUES (521, 2, 2, '2025-12-02', 3, 2, 100001);
INSERT INTO timetables (id, class_id, major_id, date, period, subject_id, teacher_id) VALUES (522, 2, NULL, '2025-11-14', 4, 9, 100005);
INSERT INTO timetables (id, class_id, major_id, date, period, subject_id, teacher_id) VALUES (523, 2, NULL, '2025-08-25', 6, 5, 100004);
INSERT INTO timetables (id, class_id, major_id, date, period, subject_id, teacher_id) VALUES (524, 2, NULL, '2025-04-24', 4, 13, 100004);
INSERT INTO timetables (id, class_id, major_id, date, period, subject_id, teacher_id) VALUES (525, 2, 1, '2025-07-10', 1, 10, 100006);
INSERT INTO timetables (id, class_id, major_id, date, period, subject_id, teacher_id) VALUES (526, 2, 2, '2025-07-10', 1, 10, 100003);
INSERT INTO timetables (id, class_id, major_id, date, period, subject_id, teacher_id) VALUES (527, 2, NULL, '2025-10-20', 2, 8, 100004);
INSERT INTO timetables (id, class_id, major_id, date, period, subject_id, teacher_id) VALUES (528, 2, 1, '2025-12-01', 3, 1, 100000);
INSERT INTO timetables (id, class_id, major_id, date, period, subject_id, teacher_id) VALUES (529, 2, 2, '2025-12-01', 3, 2, 100001);
INSERT INTO timetables (id, class_id, major_id, date, period, subject_id, teacher_id) VALUES (530, 2, 1, '2025-05-13', 1, 18, 100004);
INSERT INTO timetables (id, class_id, major_id, date, period, subject_id, teacher_id) VALUES (531, 2, 2, '2025-05-13', 1, 18, 100003);
INSERT INTO timetables (id, class_id, major_id, date, period, subject_id, teacher_id) VALUES (532, 2, 1, '2025-05-01', 2, 10, 100006);
INSERT INTO timetables (id, class_id, major_id, date, period, subject_id, teacher_id) VALUES (533, 2, 2, '2025-05-01', 2, 10, 100003);
INSERT INTO timetables (id, class_id, major_id, date, period, subject_id, teacher_id) VALUES (534, 2, 1, '2025-10-03', 3, 6, 100002);
INSERT INTO timetables (id, class_id, major_id, date, period, subject_id, teacher_id) VALUES (535, 2, 2, '2025-10-03', 3, 6, 100001);
INSERT INTO timetables (id, class_id, major_id, date, period, subject_id, teacher_id) VALUES (536, 2, NULL, '2026-01-08', 2, 8, 100003);
INSERT INTO timetables (id, class_id, major_id, date, period, subject_id, teacher_id) VALUES (537, 2, NULL, '2025-12-12', 2, 9, 100005);
INSERT INTO timetables (id, class_id, major_id, date, period, subject_id, teacher_id) VALUES (538, 2, 1, '2025-06-10', 5, 14, 100005);
INSERT INTO timetables (id, class_id, major_id, date, period, subject_id, teacher_id) VALUES (539, 2, 2, '2025-06-10', 5, 14, 100007);
INSERT INTO timetables (id, class_id, major_id, date, period, subject_id, teacher_id) VALUES (540, 2, NULL, '2026-01-07', 3, 4, 100003);
INSERT INTO timetables (id, class_id, major_id, date, period, subject_id, teacher_id) VALUES (541, 2, 1, '2026-01-20', 1, 1, 100000);
INSERT INTO timetables (id, class_id, major_id, date, period, subject_id, teacher_id) VALUES (542, 2, 2, '2026-01-20', 1, 2, 100001);
INSERT INTO timetables (id, class_id, major_id, date, period, subject_id, teacher_id) VALUES (543, 2, 1, '2025-09-18', 2, 6, 100002);
INSERT INTO timetables (id, class_id, major_id, date, period, subject_id, teacher_id) VALUES (544, 2, 2, '2025-09-18', 2, 6, 100001);
INSERT INTO timetables (id, class_id, major_id, date, period, subject_id, teacher_id) VALUES (545, 2, NULL, '2025-10-08', 1, 6, 100001);
INSERT INTO timetables (id, class_id, major_id, date, period, subject_id, teacher_id) VALUES (546, 2, NULL, '2025-10-30', 1, 7, 100004);
INSERT INTO timetables (id, class_id, major_id, date, period, subject_id, teacher_id) VALUES (547, 2, 1, '2025-05-08', 1, 10, 100006);
INSERT INTO timetables (id, class_id, major_id, date, period, subject_id, teacher_id) VALUES (548, 2, 2, '2025-05-08', 1, 10, 100003);
INSERT INTO timetables (id, class_id, major_id, date, period, subject_id, teacher_id) VALUES (549, 2, 1, '2025-10-07', 4, 6, 100002);
INSERT INTO timetables (id, class_id, major_id, date, period, subject_id, teacher_id) VALUES (550, 2, 2, '2025-10-07', 4, 6, 100001);
INSERT INTO timetables (id, class_id, major_id, date, period, subject_id, teacher_id) VALUES (551, 2, 1, '2025-11-25', 1, 1, 100000);
INSERT INTO timetables (id, class_id, major_id, date, period, subject_id, teacher_id) VALUES (552, 2, 2, '2025-11-25', 1, 2, 100001);
INSERT INTO timetables (id, class_id, major_id, date, period, subject_id, teacher_id) VALUES (553, 2, NULL, '2025-09-09', 1, 8, 100001);
INSERT INTO timetables (id, class_id, major_id, date, period, subject_id, teacher_id) VALUES (554, 2, NULL, '2025-09-12', 2, 8, 100001);
INSERT INTO timetables (id, class_id, major_id, date, period, subject_id, teacher_id) VALUES (555, 2, NULL, '2025-09-22', 1, 6, 100001);
INSERT INTO timetables (id, class_id, major_id, date, period, subject_id, teacher_id) VALUES (556, 2, NULL, '2025-10-31', 1, 7, 100004);
INSERT INTO timetables (id, class_id, major_id, date, period, subject_id, teacher_id) VALUES (557, 2, NULL, '2025-11-26', 2, 3, 100002);
INSERT INTO timetables (id, class_id, major_id, date, period, subject_id, teacher_id) VALUES (558, 2, 1, '2025-10-10', 4, 6, 100002);
INSERT INTO timetables (id, class_id, major_id, date, period, subject_id, teacher_id) VALUES (559, 2, 2, '2025-10-10', 4, 6, 100001);
INSERT INTO timetables (id, class_id, major_id, date, period, subject_id, teacher_id) VALUES (560, 2, 1, '2025-11-17', 2, 1, 100000);
INSERT INTO timetables (id, class_id, major_id, date, period, subject_id, teacher_id) VALUES (561, 2, 2, '2025-11-17', 2, 2, 100001);
INSERT INTO timetables (id, class_id, major_id, date, period, subject_id, teacher_id) VALUES (562, 2, 1, '2025-10-14', 4, 11, 100002);
INSERT INTO timetables (id, class_id, major_id, date, period, subject_id, teacher_id) VALUES (563, 2, 2, '2025-10-14', 4, 12, 100000);
INSERT INTO timetables (id, class_id, major_id, date, period, subject_id, teacher_id) VALUES (564, 2, NULL, '2025-12-10', 3, 4, 100003);
INSERT INTO timetables (id, class_id, major_id, date, period, subject_id, teacher_id) VALUES (565, 2, 1, '2025-12-09', 3, 1, 100000);
INSERT INTO timetables (id, class_id, major_id, date, period, subject_id, teacher_id) VALUES (566, 2, 2, '2025-12-09', 3, 2, 100001);
INSERT INTO timetables (id, class_id, major_id, date, period, subject_id, teacher_id) VALUES (567, 2, NULL, '2025-09-08', 6, 8, 100001);
INSERT INTO timetables (id, class_id, major_id, date, period, subject_id, teacher_id) VALUES (568, 2, NULL, '2025-08-25', 1, 5, 100004);
INSERT INTO timetables (id, class_id, major_id, date, period, subject_id, teacher_id) VALUES (569, 2, NULL, '2025-10-27', 2, 7, 100004);
INSERT INTO timetables (id, class_id, major_id, date, period, subject_id, teacher_id) VALUES (570, 2, NULL, '2025-10-17', 3, 9, 100005);
INSERT INTO timetables (id, class_id, major_id, date, period, subject_id, teacher_id) VALUES (571, 2, 1, '2025-04-22', 6, 14, 100005);
INSERT INTO timetables (id, class_id, major_id, date, period, subject_id, teacher_id) VALUES (572, 2, 2, '2025-04-22', 6, 14, 100007);
INSERT INTO timetables (id, class_id, major_id, date, period, subject_id, teacher_id) VALUES (573, 2, NULL, '2025-09-16', 6, 6, 100001);
INSERT INTO timetables (id, class_id, major_id, date, period, subject_id, teacher_id) VALUES (574, 2, 1, '2025-12-16', 4, 11, 100002);
INSERT INTO timetables (id, class_id, major_id, date, period, subject_id, teacher_id) VALUES (575, 2, 2, '2025-12-16', 4, 12, 100000);
INSERT INTO timetables (id, class_id, major_id, date, period, subject_id, teacher_id) VALUES (576, 2, NULL, '2025-08-27', 4, 5, 100004);
INSERT INTO timetables (id, class_id, major_id, date, period, subject_id, teacher_id) VALUES (577, 2, NULL, '2025-09-02', 3, 5, 100004);
INSERT INTO timetables (id, class_id, major_id, date, period, subject_id, teacher_id) VALUES (578, 2, NULL, '2025-09-25', 1, 6, 100001);
INSERT INTO timetables (id, class_id, major_id, date, period, subject_id, teacher_id) VALUES (579, 2, NULL, '2025-10-20', 6, 4, 100004);
INSERT INTO timetables (id, class_id, major_id, date, period, subject_id, teacher_id) VALUES (580, 2, 1, '2025-05-20', 5, 14, 100005);
INSERT INTO timetables (id, class_id, major_id, date, period, subject_id, teacher_id) VALUES (581, 2, 2, '2025-05-20', 5, 14, 100007);
INSERT INTO timetables (id, class_id, major_id, date, period, subject_id, teacher_id) VALUES (582, 2, 1, '2025-05-13', 5, 14, 100003);
INSERT INTO timetables (id, class_id, major_id, date, period, subject_id, teacher_id) VALUES (583, 2, 2, '2025-05-13', 5, 14, 100007);
INSERT INTO timetables (id, class_id, major_id, date, period, subject_id, teacher_id) VALUES (584, 2, 1, '2025-11-10', 3, 1, 100000);
INSERT INTO timetables (id, class_id, major_id, date, period, subject_id, teacher_id) VALUES (585, 2, 2, '2025-11-10', 3, 2, 100001);
INSERT INTO timetables (id, class_id, major_id, date, period, subject_id, teacher_id) VALUES (586, 2, NULL, '2025-10-22', 1, 3, 100002);
INSERT INTO timetables (id, class_id, major_id, date, period, subject_id, teacher_id) VALUES (587, 2, NULL, '2025-11-12', 4, 4, 100003);
INSERT INTO timetables (id, class_id, major_id, date, period, subject_id, teacher_id) VALUES (588, 2, NULL, '2025-09-29', 3, 6, 100001);
INSERT INTO timetables (id, class_id, major_id, date, period, subject_id, teacher_id) VALUES (589, 2, NULL, '2025-10-24', 4, 8, 100001);
INSERT INTO timetables (id, class_id, major_id, date, period, subject_id, teacher_id) VALUES (590, 2, NULL, '2025-12-12', 6, 8, 100001);
INSERT INTO timetables (id, class_id, major_id, date, period, subject_id, teacher_id) VALUES (591, 2, 1, '2025-07-15', 3, 14, 100005);
INSERT INTO timetables (id, class_id, major_id, date, period, subject_id, teacher_id) VALUES (592, 2, 2, '2025-07-15', 3, 14, 100007);
INSERT INTO timetables (id, class_id, major_id, date, period, subject_id, teacher_id) VALUES (593, 2, 1, '2026-01-20', 5, 11, 100002);
INSERT INTO timetables (id, class_id, major_id, date, period, subject_id, teacher_id) VALUES (594, 2, 2, '2026-01-20', 5, 12, 100000);
INSERT INTO timetables (id, class_id, major_id, date, period, subject_id, teacher_id) VALUES (595, 2, NULL, '2025-10-08', 5, 6, 100001);
INSERT INTO timetables (id, class_id, major_id, date, period, subject_id, teacher_id) VALUES (596, 2, 1, '2025-05-08', 5, 16, 100004);
INSERT INTO timetables (id, class_id, major_id, date, period, subject_id, teacher_id) VALUES (597, 2, 2, '2025-05-08', 5, 16, 100008);
INSERT INTO timetables (id, class_id, major_id, date, period, subject_id, teacher_id) VALUES (598, 2, 1, '2025-07-01', 3, 14, 100005);
INSERT INTO timetables (id, class_id, major_id, date, period, subject_id, teacher_id) VALUES (599, 2, 2, '2025-07-01', 3, 14, 100007);
INSERT INTO timetables (id, class_id, major_id, date, period, subject_id, teacher_id) VALUES (600, 2, NULL, '2025-09-12', 6, 3, 100002);
INSERT INTO timetables (id, class_id, major_id, date, period, subject_id, teacher_id) VALUES (601, 2, NULL, '2025-09-08', 1, 8, 100001);
INSERT INTO timetables (id, class_id, major_id, date, period, subject_id, teacher_id) VALUES (602, 2, NULL, '2025-09-22', 5, 6, 100001);
INSERT INTO timetables (id, class_id, major_id, date, period, subject_id, teacher_id) VALUES (603, 2, 1, '2025-12-02', 2, 1, 100000);
INSERT INTO timetables (id, class_id, major_id, date, period, subject_id, teacher_id) VALUES (604, 2, 2, '2025-12-02', 2, 2, 100001);
INSERT INTO timetables (id, class_id, major_id, date, period, subject_id, teacher_id) VALUES (605, 2, NULL, '2025-11-14', 3, 8, 100001);
INSERT INTO timetables (id, class_id, major_id, date, period, subject_id, teacher_id) VALUES (606, 2, NULL, '2025-08-25', 5, 5, 100004);
INSERT INTO timetables (id, class_id, major_id, date, period, subject_id, teacher_id) VALUES (607, 2, 1, '2025-04-22', 1, 10, 100001);
INSERT INTO timetables (id, class_id, major_id, date, period, subject_id, teacher_id) VALUES (608, 2, 2, '2025-04-22', 1, 10, 100003);
INSERT INTO timetables (id, class_id, major_id, date, period, subject_id, teacher_id) VALUES (609, 2, NULL, '2025-09-16', 1, 6, 100001);
INSERT INTO timetables (id, class_id, major_id, date, period, subject_id, teacher_id) VALUES (610, 2, NULL, '2025-10-27', 6, 7, 100004);
INSERT INTO timetables (id, class_id, major_id, date, period, subject_id, teacher_id) VALUES (611, 2, 1, '2025-12-24', 5, 11, 100002);
INSERT INTO timetables (id, class_id, major_id, date, period, subject_id, teacher_id) VALUES (612, 2, 2, '2025-12-24', 5, 12, 100000);
INSERT INTO timetables (id, class_id, major_id, date, period, subject_id, teacher_id) VALUES (613, 2, NULL, '2025-08-28', 2, 5, 100004);
INSERT INTO timetables (id, class_id, major_id, date, period, subject_id, teacher_id) VALUES (614, 2, NULL, '2025-10-20', 1, 8, 100004);
INSERT INTO timetables (id, class_id, major_id, date, period, subject_id, teacher_id) VALUES (615, 2, 1, '2025-12-01', 2, 1, 100000);
INSERT INTO timetables (id, class_id, major_id, date, period, subject_id, teacher_id) VALUES (616, 2, 2, '2025-12-01', 2, 2, 100001);
INSERT INTO timetables (id, class_id, major_id, date, period, subject_id, teacher_id) VALUES (617, 2, NULL, '2025-12-03', 4, 8, 100001);
INSERT INTO timetables (id, class_id, major_id, date, period, subject_id, teacher_id) VALUES (618, 2, NULL, '2025-10-22', 5, 4, 100003);
INSERT INTO timetables (id, class_id, major_id, date, period, subject_id, teacher_id) VALUES (619, 2, NULL, '2026-01-08', 1, 8, 100003);
INSERT INTO timetables (id, class_id, major_id, date, period, subject_id, teacher_id) VALUES (620, 2, NULL, '2025-12-12', 1, 7, 100001);
INSERT INTO timetables (id, class_id, major_id, date, period, subject_id, teacher_id) VALUES (621, 2, 1, '2025-06-10', 4, 14, 100005);
INSERT INTO timetables (id, class_id, major_id, date, period, subject_id, teacher_id) VALUES (622, 2, 2, '2025-06-10', 4, 14, 100007);
INSERT INTO timetables (id, class_id, major_id, date, period, subject_id, teacher_id) VALUES (623, 2, NULL, '2026-01-07', 2, 4, 100003);
INSERT INTO timetables (id, class_id, major_id, date, period, subject_id, teacher_id) VALUES (624, 2, NULL, '2025-12-15', 4, 8, 100001);
INSERT INTO timetables (id, class_id, major_id, date, period, subject_id, teacher_id) VALUES (625, 2, NULL, '2025-09-04', 3, 5, 100004);
INSERT INTO timetables (id, class_id, major_id, date, period, subject_id, teacher_id) VALUES (626, 2, 1, '2025-07-24', 1, 10, 100006);
INSERT INTO timetables (id, class_id, major_id, date, period, subject_id, teacher_id) VALUES (627, 2, 2, '2025-07-24', 1, 10, 100003);
INSERT INTO timetables (id, class_id, major_id, date, period, subject_id, teacher_id) VALUES (628, 2, NULL, '2025-09-03', 3, 5, 100004);
INSERT INTO timetables (id, class_id, major_id, date, period, subject_id, teacher_id) VALUES (629, 2, NULL, '2025-09-12', 1, 7, 100001);
INSERT INTO timetables (id, class_id, major_id, date, period, subject_id, teacher_id) VALUES (630, 2, NULL, '2026-01-09', 2, 9, 100005);
INSERT INTO timetables (id, class_id, major_id, date, period, subject_id, teacher_id) VALUES (631, 2, NULL, '2025-11-19', 1, 13, 100004);
INSERT INTO timetables (id, class_id, major_id, date, period, subject_id, teacher_id) VALUES (632, 2, NULL, '2025-12-10', 2, 4, 100003);
INSERT INTO timetables (id, class_id, major_id, date, period, subject_id, teacher_id) VALUES (633, 2, 1, '2025-07-29', 3, 14, 100005);
INSERT INTO timetables (id, class_id, major_id, date, period, subject_id, teacher_id) VALUES (634, 2, 2, '2025-07-29', 3, 14, 100007);
INSERT INTO timetables (id, class_id, major_id, date, period, subject_id, teacher_id) VALUES (635, 2, 1, '2025-12-09', 2, 1, 100000);
INSERT INTO timetables (id, class_id, major_id, date, period, subject_id, teacher_id) VALUES (636, 2, 2, '2025-12-09', 2, 2, 100001);
INSERT INTO timetables (id, class_id, major_id, date, period, subject_id, teacher_id) VALUES (637, 2, 1, '2025-12-02', 6, 11, 100002);
INSERT INTO timetables (id, class_id, major_id, date, period, subject_id, teacher_id) VALUES (638, 2, 2, '2025-12-02', 6, 12, 100000);
INSERT INTO timetables (id, class_id, major_id, date, period, subject_id, teacher_id) VALUES (639, 2, NULL, '2025-10-27', 1, 7, 100004);
INSERT INTO timetables (id, class_id, major_id, date, period, subject_id, teacher_id) VALUES (640, 2, NULL, '2025-10-17', 2, 9, 100005);
INSERT INTO timetables (id, class_id, major_id, date, period, subject_id, teacher_id) VALUES (641, 2, 1, '2025-04-22', 5, 14, 100005);
INSERT INTO timetables (id, class_id, major_id, date, period, subject_id, teacher_id) VALUES (642, 2, 2, '2025-04-22', 5, 14, 100007);
INSERT INTO timetables (id, class_id, major_id, date, period, subject_id, teacher_id) VALUES (643, 2, NULL, '2025-09-16', 5, 6, 100001);
INSERT INTO timetables (id, class_id, major_id, date, period, subject_id, teacher_id) VALUES (644, 2, NULL, '2025-08-28', 6, 5, 100004);
INSERT INTO timetables (id, class_id, major_id, date, period, subject_id, teacher_id) VALUES (645, 2, 1, '2025-06-17', 2, 14, 100005);
INSERT INTO timetables (id, class_id, major_id, date, period, subject_id, teacher_id) VALUES (646, 2, 2, '2025-06-17', 2, 14, 100007);
INSERT INTO timetables (id, class_id, major_id, date, period, subject_id, teacher_id) VALUES (647, 2, 1, '2025-05-20', 4, 14, 100005);
INSERT INTO timetables (id, class_id, major_id, date, period, subject_id, teacher_id) VALUES (648, 2, 2, '2025-05-20', 4, 14, 100007);
INSERT INTO timetables (id, class_id, major_id, date, period, subject_id, teacher_id) VALUES (649, 2, NULL, '2025-12-01', 6, 3, 100002);
INSERT INTO timetables (id, class_id, major_id, date, period, subject_id, teacher_id) VALUES (650, 2, 1, '2025-11-10', 2, 1, 100000);
INSERT INTO timetables (id, class_id, major_id, date, period, subject_id, teacher_id) VALUES (651, 2, 2, '2025-11-10', 2, 2, 100001);
INSERT INTO timetables (id, class_id, major_id, date, period, subject_id, teacher_id) VALUES (652, 2, NULL, '2025-11-12', 3, 3, 100002);
INSERT INTO timetables (id, class_id, major_id, date, period, subject_id, teacher_id) VALUES (653, 2, NULL, '2025-11-05', 1, 3, 100002);
INSERT INTO timetables (id, class_id, major_id, date, period, subject_id, teacher_id) VALUES (654, 2, NULL, '2025-09-29', 2, 6, 100001);
INSERT INTO timetables (id, class_id, major_id, date, period, subject_id, teacher_id) VALUES (655, 2, NULL, '2025-10-24', 3, 9, 100005);
INSERT INTO timetables (id, class_id, major_id, date, period, subject_id, teacher_id) VALUES (656, 2, NULL, '2025-12-12', 5, 8, 100001);
INSERT INTO timetables (id, class_id, major_id, date, period, subject_id, teacher_id) VALUES (657, 2, 1, '2025-10-06', 5, 6, 100002);
INSERT INTO timetables (id, class_id, major_id, date, period, subject_id, teacher_id) VALUES (658, 2, 2, '2025-10-06', 5, 6, 100001);
INSERT INTO timetables (id, class_id, major_id, date, period, subject_id, teacher_id) VALUES (659, 2, 1, '2025-07-15', 2, 14, 100005);
INSERT INTO timetables (id, class_id, major_id, date, period, subject_id, teacher_id) VALUES (660, 2, 2, '2025-07-15', 2, 14, 100007);
INSERT INTO timetables (id, class_id, major_id, date, period, subject_id, teacher_id) VALUES (661, 2, 1, '2025-07-01', 2, 14, 100005);
INSERT INTO timetables (id, class_id, major_id, date, period, subject_id, teacher_id) VALUES (662, 2, 2, '2025-07-01', 2, 14, 100007);
INSERT INTO timetables (id, class_id, major_id, date, period, subject_id, teacher_id) VALUES (663, 2, 1, '2025-06-03', 2, 14, 100005);
INSERT INTO timetables (id, class_id, major_id, date, period, subject_id, teacher_id) VALUES (664, 2, 2, '2025-06-03', 2, 14, 100007);
INSERT INTO timetables (id, class_id, major_id, date, period, subject_id, teacher_id) VALUES (665, 2, NULL, '2025-08-26', 6, 5, 100004);
INSERT INTO timetables (id, class_id, major_id, date, period, subject_id, teacher_id) VALUES (666, 2, NULL, '2025-12-11', 3, 4, 100003);
INSERT INTO timetables (id, class_id, major_id, date, period, subject_id, teacher_id) VALUES (667, 2, NULL, '2025-09-12', 5, 9, 100005);
INSERT INTO timetables (id, class_id, major_id, date, period, subject_id, teacher_id) VALUES (668, 2, NULL, '2026-01-09', 6, 8, 100001);
INSERT INTO timetables (id, class_id, major_id, date, period, subject_id, teacher_id) VALUES (669, 2, 1, '2025-09-19', 4, 6, 100002);
INSERT INTO timetables (id, class_id, major_id, date, period, subject_id, teacher_id) VALUES (670, 2, 2, '2025-09-19', 4, 6, 100001);
INSERT INTO timetables (id, class_id, major_id, date, period, subject_id, teacher_id) VALUES (671, 2, 1, '2025-12-02', 1, 1, 100000);
INSERT INTO timetables (id, class_id, major_id, date, period, subject_id, teacher_id) VALUES (672, 2, 2, '2025-12-02', 1, 2, 100001);
INSERT INTO timetables (id, class_id, major_id, date, period, subject_id, teacher_id) VALUES (673, 2, NULL, '2025-11-19', 5, 13, 100004);
INSERT INTO timetables (id, class_id, major_id, date, period, subject_id, teacher_id) VALUES (674, 2, NULL, '2026-01-15', 1, 9, 100005);
INSERT INTO timetables (id, class_id, major_id, date, period, subject_id, teacher_id) VALUES (675, 2, NULL, '2025-10-27', 5, 7, 100004);
INSERT INTO timetables (id, class_id, major_id, date, period, subject_id, teacher_id) VALUES (676, 2, NULL, '2025-10-17', 6, 8, 100001);
INSERT INTO timetables (id, class_id, major_id, date, period, subject_id, teacher_id) VALUES (677, 2, 1, '2025-07-22', 2, 14, 100005);
INSERT INTO timetables (id, class_id, major_id, date, period, subject_id, teacher_id) VALUES (678, 2, 2, '2025-07-22', 2, 14, 100007);
INSERT INTO timetables (id, class_id, major_id, date, period, subject_id, teacher_id) VALUES (679, 2, 1, '2025-12-24', 4, 11, 100002);
INSERT INTO timetables (id, class_id, major_id, date, period, subject_id, teacher_id) VALUES (680, 2, 2, '2025-12-24', 4, 12, 100000);
INSERT INTO timetables (id, class_id, major_id, date, period, subject_id, teacher_id) VALUES (681, 2, NULL, '2025-11-07', 2, 8, 100001);
INSERT INTO timetables (id, class_id, major_id, date, period, subject_id, teacher_id) VALUES (682, 2, NULL, '2025-08-28', 1, 5, 100004);
INSERT INTO timetables (id, class_id, major_id, date, period, subject_id, teacher_id) VALUES (683, 2, 1, '2025-12-01', 1, 1, 100000);
INSERT INTO timetables (id, class_id, major_id, date, period, subject_id, teacher_id) VALUES (684, 2, 2, '2025-12-01', 1, 2, 100001);
INSERT INTO timetables (id, class_id, major_id, date, period, subject_id, teacher_id) VALUES (685, 2, 1, '2025-06-17', 6, 14, 100005);
INSERT INTO timetables (id, class_id, major_id, date, period, subject_id, teacher_id) VALUES (686, 2, 2, '2025-06-17', 6, 14, 100007);
INSERT INTO timetables (id, class_id, major_id, date, period, subject_id, teacher_id) VALUES (687, 2, NULL, '2025-12-03', 3, 4, 100003);
INSERT INTO timetables (id, class_id, major_id, date, period, subject_id, teacher_id) VALUES (688, 2, NULL, '2025-10-22', 4, 4, 100003);
INSERT INTO timetables (id, class_id, major_id, date, period, subject_id, teacher_id) VALUES (689, 2, 1, '2025-06-24', 2, 14, 100005);
INSERT INTO timetables (id, class_id, major_id, date, period, subject_id, teacher_id) VALUES (690, 2, 2, '2025-06-24', 2, 14, 100007);
INSERT INTO timetables (id, class_id, major_id, date, period, subject_id, teacher_id) VALUES (691, 2, 1, '2025-11-05', 5, 11, 100002);
INSERT INTO timetables (id, class_id, major_id, date, period, subject_id, teacher_id) VALUES (692, 2, 2, '2025-11-05', 5, 12, 100000);
INSERT INTO timetables (id, class_id, major_id, date, period, subject_id, teacher_id) VALUES (693, 2, NULL, '2026-01-07', 1, 4, 100003);
INSERT INTO timetables (id, class_id, major_id, date, period, subject_id, teacher_id) VALUES (694, 2, NULL, '2025-05-22', 6, 18, 100004);
INSERT INTO timetables (id, class_id, major_id, date, period, subject_id, teacher_id) VALUES (695, 2, NULL, '2025-09-29', 6, 6, 100001);
INSERT INTO timetables (id, class_id, major_id, date, period, subject_id, teacher_id) VALUES (696, 2, NULL, '2025-10-29', 4, 7, 100004);
INSERT INTO timetables (id, class_id, major_id, date, period, subject_id, teacher_id) VALUES (697, 2, 1, '2025-12-15', 3, 1, 100000);
INSERT INTO timetables (id, class_id, major_id, date, period, subject_id, teacher_id) VALUES (698, 2, 2, '2025-12-15', 3, 2, 100001);
INSERT INTO timetables (id, class_id, major_id, date, period, subject_id, teacher_id) VALUES (699, 2, NULL, '2025-07-15', 6, 14, 100005);
INSERT INTO timetables (id, class_id, major_id, date, period, subject_id, teacher_id) VALUES (700, 2, NULL, '2025-09-04', 2, 5, 100004);
INSERT INTO timetables (id, class_id, major_id, date, period, subject_id, teacher_id) VALUES (701, 2, 1, '2025-10-09', 2, 6, 100002);
INSERT INTO timetables (id, class_id, major_id, date, period, subject_id, teacher_id) VALUES (702, 2, 2, '2025-10-09', 2, 6, 100001);
INSERT INTO timetables (id, class_id, major_id, date, period, subject_id, teacher_id) VALUES (703, 2, NULL, '2025-08-26', 1, 5, 100004);
INSERT INTO timetables (id, class_id, major_id, date, period, subject_id, teacher_id) VALUES (704, 2, NULL, '2025-09-03', 2, 5, 100004);
INSERT INTO timetables (id, class_id, major_id, date, period, subject_id, teacher_id) VALUES (705, 2, 1, '2025-06-03', 6, 14, 100005);
INSERT INTO timetables (id, class_id, major_id, date, period, subject_id, teacher_id) VALUES (706, 2, 2, '2025-06-03', 6, 14, 100007);
INSERT INTO timetables (id, class_id, major_id, date, period, subject_id, teacher_id) VALUES (707, 2, NULL, '2026-01-09', 1, 7, 100001);
INSERT INTO timetables (id, class_id, major_id, date, period, subject_id, teacher_id) VALUES (708, 2, 1, '2025-11-18', 3, 1, 100000);
INSERT INTO timetables (id, class_id, major_id, date, period, subject_id, teacher_id) VALUES (709, 2, 2, '2025-11-18', 3, 2, 100001);
INSERT INTO timetables (id, class_id, major_id, date, period, subject_id, teacher_id) VALUES (710, 2, NULL, '2025-10-17', 1, 7, 100001);
INSERT INTO timetables (id, class_id, major_id, date, period, subject_id, teacher_id) VALUES (711, 2, 1, '2025-04-22', 4, 14, 100005);
INSERT INTO timetables (id, class_id, major_id, date, period, subject_id, teacher_id) VALUES (712, 2, 2, '2025-04-22', 4, 14, 100007);
INSERT INTO timetables (id, class_id, major_id, date, period, subject_id, teacher_id) VALUES (713, 2, 1, '2026-01-14', 4, 11, 100002);
INSERT INTO timetables (id, class_id, major_id, date, period, subject_id, teacher_id) VALUES (714, 2, 2, '2026-01-14', 4, 12, 100000);
INSERT INTO timetables (id, class_id, major_id, date, period, subject_id, teacher_id) VALUES (715, 2, NULL, '2025-11-07', 6, 8, 100001);
INSERT INTO timetables (id, class_id, major_id, date, period, subject_id, teacher_id) VALUES (716, 2, NULL, '2025-08-28', 5, 5, 100004);
INSERT INTO timetables (id, class_id, major_id, date, period, subject_id, teacher_id) VALUES (717, 2, 1, '2025-06-17', 1, 14, 100005);
INSERT INTO timetables (id, class_id, major_id, date, period, subject_id, teacher_id) VALUES (718, 2, 2, '2025-06-17', 1, 14, 100007);
INSERT INTO timetables (id, class_id, major_id, date, period, subject_id, teacher_id) VALUES (719, 2, NULL, '2025-09-11', 1, 7, 100010);
INSERT INTO timetables (id, class_id, major_id, date, period, subject_id, teacher_id) VALUES (720, 2, NULL, '2026-01-16', 2, 13, 100004);
INSERT INTO timetables (id, class_id, major_id, date, period, subject_id, teacher_id) VALUES (721, 2, NULL, '2025-09-26', 6, 6, 100001);
INSERT INTO timetables (id, class_id, major_id, date, period, subject_id, teacher_id) VALUES (722, 2, NULL, '2025-12-05', 2, 9, 100005);
INSERT INTO timetables (id, class_id, major_id, date, period, subject_id, teacher_id) VALUES (723, 2, NULL, '2025-09-05', 3, 5, 100004);
INSERT INTO timetables (id, class_id, major_id, date, period, subject_id, teacher_id) VALUES (724, 2, NULL, '2025-10-28', 4, 7, 100004);
INSERT INTO timetables (id, class_id, major_id, date, period, subject_id, teacher_id) VALUES (725, 2, 1, '2025-06-24', 6, 17, 100004);
INSERT INTO timetables (id, class_id, major_id, date, period, subject_id, teacher_id) VALUES (726, 2, 2, '2025-06-24', 6, 17, 100009);
INSERT INTO timetables (id, class_id, major_id, date, period, subject_id, teacher_id) VALUES (727, 2, NULL, '2025-05-22', 1, 18, 100004);
INSERT INTO timetables (id, class_id, major_id, date, period, subject_id, teacher_id) VALUES (728, 2, NULL, '2025-10-01', 4, 6, 100002);
INSERT INTO timetables (id, class_id, major_id, date, period, subject_id, teacher_id) VALUES (729, 2, 1, '2025-10-06', 4, 6, 100002);
INSERT INTO timetables (id, class_id, major_id, date, period, subject_id, teacher_id) VALUES (730, 2, 2, '2025-10-06', 4, 6, 100001);
INSERT INTO timetables (id, class_id, major_id, date, period, subject_id, teacher_id) VALUES (731, 2, 1, '2025-07-15', 1, 14, 100005);
INSERT INTO timetables (id, class_id, major_id, date, period, subject_id, teacher_id) VALUES (732, 2, 2, '2025-07-15', 1, 14, 100007);
INSERT INTO timetables (id, class_id, major_id, date, period, subject_id, teacher_id) VALUES (733, 2, NULL, '2025-11-21', 4, 3, 100002);
INSERT INTO timetables (id, class_id, major_id, date, period, subject_id, teacher_id) VALUES (734, 2, NULL, '2025-11-28', 2, 9, 100005);
INSERT INTO timetables (id, class_id, major_id, date, period, subject_id, teacher_id) VALUES (735, 2, 1, '2025-12-23', 2, 1, 100000);
INSERT INTO timetables (id, class_id, major_id, date, period, subject_id, teacher_id) VALUES (736, 2, 2, '2025-12-23', 2, 2, 100001);
INSERT INTO timetables (id, class_id, major_id, date, period, subject_id, teacher_id) VALUES (737, 2, NULL, '2025-11-06', 3, 4, 100003);
INSERT INTO timetables (id, class_id, major_id, date, period, subject_id, teacher_id) VALUES (738, 2, 1, '2025-06-03', 1, 14, 100005);
INSERT INTO timetables (id, class_id, major_id, date, period, subject_id, teacher_id) VALUES (739, 2, 2, '2025-06-03', 1, 14, 100007);
INSERT INTO timetables (id, class_id, major_id, date, period, subject_id, teacher_id) VALUES (740, 2, NULL, '2025-08-26', 5, 5, 100004);
INSERT INTO timetables (id, class_id, major_id, date, period, subject_id, teacher_id) VALUES (741, 2, NULL, '2025-12-19', 5, 8, 100001);
INSERT INTO timetables (id, class_id, major_id, date, period, subject_id, teacher_id) VALUES (742, 2, 1, '2026-01-13', 3, 1, 100000);
INSERT INTO timetables (id, class_id, major_id, date, period, subject_id, teacher_id) VALUES (743, 2, 2, '2026-01-13', 3, 2, 100001);
INSERT INTO timetables (id, class_id, major_id, date, period, subject_id, teacher_id) VALUES (744, 2, NULL, '2025-12-11', 2, 4, 100003);
INSERT INTO timetables (id, class_id, major_id, date, period, subject_id, teacher_id) VALUES (745, 2, NULL, '2025-12-18', 1, 4, 100003);
INSERT INTO timetables (id, class_id, major_id, date, period, subject_id, teacher_id) VALUES (746, 2, NULL, '2026-01-09', 5, 8, 100001);
INSERT INTO timetables (id, class_id, major_id, date, period, subject_id, teacher_id) VALUES (747, 2, 1, '2025-09-19', 3, 6, 100002);
INSERT INTO timetables (id, class_id, major_id, date, period, subject_id, teacher_id) VALUES (748, 2, 2, '2025-09-19', 3, 6, 100001);
INSERT INTO timetables (id, class_id, major_id, date, period, subject_id, teacher_id) VALUES (749, 2, NULL, '2025-11-19', 4, 13, 100004);
INSERT INTO timetables (id, class_id, major_id, date, period, subject_id, teacher_id) VALUES (750, 2, NULL, '2025-09-24', 2, 6, 100002);
INSERT INTO timetables (id, class_id, major_id, date, period, subject_id, teacher_id) VALUES (751, 2, NULL, '2025-08-29', 2, 5, 100004);
INSERT INTO timetables (id, class_id, major_id, date, period, subject_id, teacher_id) VALUES (752, 2, 1, '2025-07-22', 1, 14, 100005);
INSERT INTO timetables (id, class_id, major_id, date, period, subject_id, teacher_id) VALUES (753, 2, 2, '2025-07-22', 1, 14, 100007);
INSERT INTO timetables (id, class_id, major_id, date, period, subject_id, teacher_id) VALUES (754, 2, NULL, '2025-12-24', 3, 4, 100003);
INSERT INTO timetables (id, class_id, major_id, date, period, subject_id, teacher_id) VALUES (755, 2, NULL, '2025-11-07', 1, 7, 100001);
INSERT INTO timetables (id, class_id, major_id, date, period, subject_id, teacher_id) VALUES (756, 2, 1, '2025-11-11', 3, 1, 100000);
INSERT INTO timetables (id, class_id, major_id, date, period, subject_id, teacher_id) VALUES (757, 2, 2, '2025-11-11', 3, 2, 100001);
INSERT INTO timetables (id, class_id, major_id, date, period, subject_id, teacher_id) VALUES (758, 2, NULL, '2025-12-17', 2, 3, 100002);
INSERT INTO timetables (id, class_id, major_id, date, period, subject_id, teacher_id) VALUES (759, 2, NULL, '2025-09-26', 1, 7, 100001);
INSERT INTO timetables (id, class_id, major_id, date, period, subject_id, teacher_id) VALUES (760, 2, NULL, '2026-01-16', 6, 8, 100001);
INSERT INTO timetables (id, class_id, major_id, date, period, subject_id, teacher_id) VALUES (761, 2, NULL, '2025-12-05', 6, 8, 100001);
INSERT INTO timetables (id, class_id, major_id, date, period, subject_id, teacher_id) VALUES (762, 2, NULL, '2025-12-03', 2, 4, 100003);
INSERT INTO timetables (id, class_id, major_id, date, period, subject_id, teacher_id) VALUES (763, 2, 1, '2025-06-24', 1, 14, 100005);
INSERT INTO timetables (id, class_id, major_id, date, period, subject_id, teacher_id) VALUES (764, 2, 2, '2025-06-24', 1, 14, 100007);
INSERT INTO timetables (id, class_id, major_id, date, period, subject_id, teacher_id) VALUES (765, 2, NULL, '2025-09-01', 3, 5, 100004);
INSERT INTO timetables (id, class_id, major_id, date, period, subject_id, teacher_id) VALUES (766, 2, 1, '2025-11-05', 4, 11, 100002);
INSERT INTO timetables (id, class_id, major_id, date, period, subject_id, teacher_id) VALUES (767, 2, 2, '2025-11-05', 4, 12, 100000);
INSERT INTO timetables (id, class_id, major_id, date, period, subject_id, teacher_id) VALUES (768, 2, NULL, '2025-05-22', 5, 18, 100004);
INSERT INTO timetables (id, class_id, major_id, date, period, subject_id, teacher_id) VALUES (769, 2, NULL, '2025-10-29', 3, 7, 100004);
INSERT INTO timetables (id, class_id, major_id, date, period, subject_id, teacher_id) VALUES (770, 2, 1, '2025-12-15', 2, 1, 100000);
INSERT INTO timetables (id, class_id, major_id, date, period, subject_id, teacher_id) VALUES (771, 2, 2, '2025-12-15', 2, 2, 100001);
INSERT INTO timetables (id, class_id, major_id, date, period, subject_id, teacher_id) VALUES (772, 2, NULL, '2025-11-28', 6, 8, 100001);
INSERT INTO timetables (id, class_id, major_id, date, period, subject_id, teacher_id) VALUES (773, 2, 1, '2025-12-23', 6, 11, 100002);
INSERT INTO timetables (id, class_id, major_id, date, period, subject_id, teacher_id) VALUES (774, 2, 2, '2025-12-23', 6, 12, 100000);
INSERT INTO timetables (id, class_id, major_id, date, period, subject_id, teacher_id) VALUES (775, 2, 1, '2025-10-09', 1, 6, 100002);
INSERT INTO timetables (id, class_id, major_id, date, period, subject_id, teacher_id) VALUES (776, 2, 2, '2025-10-09', 1, 6, 100001);
INSERT INTO timetables (id, class_id, major_id, date, period, subject_id, teacher_id) VALUES (777, 2, NULL, '2025-12-08', 6, 8, 100001);
INSERT INTO timetables (id, class_id, major_id, date, period, subject_id, teacher_id) VALUES (778, 2, NULL, '2025-05-15', 3, 10, 100001);
INSERT INTO timetables (id, class_id, major_id, date, period, subject_id, teacher_id) VALUES (779, 2, 1, '2025-06-03', 5, 14, 100005);
INSERT INTO timetables (id, class_id, major_id, date, period, subject_id, teacher_id) VALUES (780, 2, 2, '2025-06-03', 5, 14, 100007);
INSERT INTO timetables (id, class_id, major_id, date, period, subject_id, teacher_id) VALUES (781, 2, 1, '2025-11-04', 4, 11, 100002);
INSERT INTO timetables (id, class_id, major_id, date, period, subject_id, teacher_id) VALUES (782, 2, 2, '2025-11-04', 4, 12, 100000);
INSERT INTO timetables (id, class_id, major_id, date, period, subject_id, teacher_id) VALUES (783, 2, NULL, '2025-10-15', 2, 3, 100002);
INSERT INTO timetables (id, class_id, major_id, date, period, subject_id, teacher_id) VALUES (784, 2, 1, '2025-11-18', 2, 1, 100000);
INSERT INTO timetables (id, class_id, major_id, date, period, subject_id, teacher_id) VALUES (785, 2, 2, '2025-11-18', 2, 2, 100001);
INSERT INTO timetables (id, class_id, major_id, date, period, subject_id, teacher_id) VALUES (786, 2, NULL, '2025-08-29', 6, 5, 100004);
INSERT INTO timetables (id, class_id, major_id, date, period, subject_id, teacher_id) VALUES (787, 2, NULL, '2026-01-14', 3, 3, 100002);
INSERT INTO timetables (id, class_id, major_id, date, period, subject_id, teacher_id) VALUES (788, 2, NULL, '2026-01-16', 1, 13, 100004);
INSERT INTO timetables (id, class_id, major_id, date, period, subject_id, teacher_id) VALUES (789, 2, NULL, '2025-09-26', 5, 6, 100001);
INSERT INTO timetables (id, class_id, major_id, date, period, subject_id, teacher_id) VALUES (790, 2, NULL, '2025-12-05', 1, 7, 100001);
INSERT INTO timetables (id, class_id, major_id, date, period, subject_id, teacher_id) VALUES (791, 2, NULL, '2025-09-05', 2, 5, 100004);
INSERT INTO timetables (id, class_id, major_id, date, period, subject_id, teacher_id) VALUES (792, 2, NULL, '2025-10-28', 3, 7, 100004);
INSERT INTO timetables (id, class_id, major_id, date, period, subject_id, teacher_id) VALUES (793, 2, NULL, '2025-10-01', 3, 6, 100002);
INSERT INTO timetables (id, class_id, major_id, date, period, subject_id, teacher_id) VALUES (794, 2, 1, '2025-10-06', 3, 6, 100002);
INSERT INTO timetables (id, class_id, major_id, date, period, subject_id, teacher_id) VALUES (795, 2, 2, '2025-10-06', 3, 6, 100001);
INSERT INTO timetables (id, class_id, major_id, date, period, subject_id, teacher_id) VALUES (796, 2, 1, '2025-07-08', 3, 14, 100005);
INSERT INTO timetables (id, class_id, major_id, date, period, subject_id, teacher_id) VALUES (797, 2, 2, '2025-07-08', 3, 14, 100007);
INSERT INTO timetables (id, class_id, major_id, date, period, subject_id, teacher_id) VALUES (798, 2, NULL, '2025-11-21', 3, 3, 100002);
INSERT INTO timetables (id, class_id, major_id, date, period, subject_id, teacher_id) VALUES (799, 2, NULL, '2025-11-28', 1, 7, 100001);
INSERT INTO timetables (id, class_id, major_id, date, period, subject_id, teacher_id) VALUES (800, 2, 1, '2025-12-23', 1, 1, 100000);
INSERT INTO timetables (id, class_id, major_id, date, period, subject_id, teacher_id) VALUES (801, 2, 2, '2025-12-23', 1, 2, 100001);
INSERT INTO timetables (id, class_id, major_id, date, period, subject_id, teacher_id) VALUES (802, 2, NULL, '2026-01-21', 1, 4, 100003);
INSERT INTO timetables (id, class_id, major_id, date, period, subject_id, teacher_id) VALUES (803, 2, NULL, '2025-12-08', 1, 3, 100002);
INSERT INTO timetables (id, class_id, major_id, date, period, subject_id, teacher_id) VALUES (804, 2, NULL, '2025-08-26', 4, 5, 100004);
INSERT INTO timetables (id, class_id, major_id, date, period, subject_id, teacher_id) VALUES (805, 2, NULL, '2025-12-19', 4, 8, 100001);
INSERT INTO timetables (id, class_id, major_id, date, period, subject_id, teacher_id) VALUES (806, 2, 1, '2026-01-13', 2, 1, 100000);
INSERT INTO timetables (id, class_id, major_id, date, period, subject_id, teacher_id) VALUES (807, 2, 2, '2026-01-13', 2, 2, 100001);
INSERT INTO timetables (id, class_id, major_id, date, period, subject_id, teacher_id) VALUES (808, 2, NULL, '2025-12-11', 1, 4, 100003);
INSERT INTO timetables (id, class_id, major_id, date, period, subject_id, teacher_id) VALUES (809, 2, 1, '2025-07-03', 3, 10, 100001);
INSERT INTO timetables (id, class_id, major_id, date, period, subject_id, teacher_id) VALUES (810, 2, 2, '2025-07-03', 3, 10, 100003);
INSERT INTO timetables (id, class_id, major_id, date, period, subject_id, teacher_id) VALUES (811, 2, NULL, '2025-09-24', 1, 6, 100002);
INSERT INTO timetables (id, class_id, major_id, date, period, subject_id, teacher_id) VALUES (812, 2, NULL, '2025-12-04', 3, 8, 100001);
INSERT INTO timetables (id, class_id, major_id, date, period, subject_id, teacher_id) VALUES (813, 2, NULL, '2025-08-29', 1, 5, 100004);

